itemID,demandPrediction
1,41.0
2,0.0
3,38.0
4,28.0
5,31.0
6,0.0
7,81.0
8,69.0
9,44.0
10,24.0
11,73.0
12,0.0
13,86.0
14,83.0
15,15.0
16,9.0
17,31.0
18,32.0
19,17.0
20,0.0
21,32.0
22,0.0
23,0.0
24,2.0
25,0.0
26,34.0
27,2.0
28,0.0
29,51.0
30,0.0
31,12.0
32,90.0
33,0.0
34,0.0
35,2.0
36,0.0
37,0.0
38,21.0
39,13.0
40,11.0
41,9.0
42,0.0
43,0.0
44,0.0
45,0.0
46,0.0
47,0.0
48,0.0
49,0.0
50,0.0
51,0.0
52,39.0
53,0.0
54,0.0
55,0.0
56,0.0
57,0.0
58,0.0
59,0.0
60,6.0
61,56.0
62,16.0
63,39.0
64,28.0
65,28.0
66,0.0
67,0.0
68,60.0
69,75.0
70,0.0
71,0.0
72,26.0
73,0.0
74,15.0
75,29.0
76,0.0
77,0.0
78,1.0
79,22.0
80,0.0
81,47.0
82,0.0
83,21.0
84,0.0
85,0.0
86,23.0
87,0.0
88,15.0
89,0.0
90,0.0
91,7.0
92,39.0
93,0.0
94,0.0
95,65.0
96,0.0
97,74.0
98,5.0
99,2.0
100,0.0
101,27.0
102,23.0
103,15.0
104,0.0
105,37.0
106,28.0
107,0.0
108,0.0
109,28.0
110,2.0
111,0.0
112,84.0
113,12.0
114,108.0
115,41.0
116,10.0
117,28.0
118,0.0
119,0.0
120,65.0
121,79.0
122,0.0
123,0.0
124,0.0
125,0.0
126,0.0
127,0.0
128,90.0
129,0.0
130,0.0
131,12.0
132,1.0
133,0.0
134,6.0
135,0.0
136,121.0
137,36.0
138,0.0
139,0.0
140,0.0
141,0.0
142,0.0
143,22.0
144,0.0
145,0.0
146,7.0
147,0.0
148,30.0
149,0.0
150,0.0
151,0.0
152,0.0
153,11.0
154,0.0
155,0.0
156,0.0
157,0.0
158,9.0
159,0.0
160,98.0
161,0.0
162,28.0
163,30.0
164,0.0
165,0.0
166,0.0
167,0.0
168,70.0
169,19.0
170,29.0
171,0.0
172,28.0
173,20.0
174,73.0
175,0.0
176,0.0
177,2.0
178,0.0
179,0.0
180,25.0
181,0.0
182,8.0
183,35.0
184,0.0
185,0.0
186,25.0
187,28.0
188,28.0
189,33.0
190,109.0
191,77.0
192,29.0
193,129.0
194,7.0
195,1.0
196,12.0
197,2.0
198,0.0
199,15.0
200,0.0
201,34.0
202,2.0
203,43.0
204,1.0
205,14.0
206,23.0
207,0.0
208,0.0
209,48.0
210,14.0
211,0.0
212,3.0
213,0.0
214,0.0
215,0.0
216,20.0
217,0.0
218,35.0
219,0.0
220,0.0
221,32.0
222,0.0
223,45.0
224,0.0
225,1.0
226,0.0
227,0.0
228,0.0
229,0.0
230,0.0
231,0.0
232,0.0
233,41.0
234,28.0
235,16.0
236,91.0
237,2.0
238,96.0
239,2.0
240,31.0
241,0.0
242,0.0
243,44.0
244,47.0
245,0.0
246,0.0
247,19.0
248,0.0
249,0.0
250,0.0
251,9.0
252,71.0
253,0.0
254,5.0
255,0.0
256,0.0
257,0.0
258,0.0
259,0.0
260,111.0
261,0.0
262,0.0
263,0.0
264,3.0
265,0.0
266,0.0
267,0.0
268,0.0
269,58.0
270,0.0
271,1.0
272,0.0
273,36.0
274,6.0
275,69.0
276,0.0
277,5.0
278,0.0
279,35.0
280,71.0
281,0.0
282,0.0
283,54.0
284,31.0
285,44.0
286,0.0
287,0.0
288,0.0
289,46.0
290,32.0
291,29.0
292,0.0
293,11.0
294,21.0
295,31.0
296,0.0
297,0.0
298,8.0
299,0.0
300,0.0
301,0.0
302,0.0
303,30.0
304,0.0
305,1.0
306,0.0
307,0.0
308,57.0
309,9.0
310,0.0
311,8.0
312,12.0
313,2.0
314,0.0
315,0.0
316,14.0
317,1.0
318,1.0
319,0.0
320,3.0
321,0.0
322,1.0
323,0.0
324,32.0
325,0.0
326,0.0
327,76.0
328,0.0
329,24.0
330,40.0
331,0.0
332,112.0
333,17.0
334,13.0
335,210.0
336,13.0
337,0.0
338,0.0
339,0.0
340,47.0
341,22.0
342,35.0
343,0.0
344,0.0
345,72.0
346,0.0
347,0.0
348,0.0
349,16.0
350,29.0
351,40.0
352,0.0
353,0.0
354,2.0
355,37.0
356,26.0
357,0.0
358,0.0
359,66.0
360,0.0
361,0.0
362,0.0
363,88.0
364,0.0
365,0.0
366,0.0
367,0.0
368,32.0
369,32.0
370,0.0
371,0.0
372,2.0
373,0.0
374,0.0
375,0.0
376,0.0
377,143.0
378,1.0
379,78.0
380,51.0
381,32.0
382,102.0
383,33.0
384,30.0
385,2.0
386,32.0
387,22.0
388,34.0
389,112.0
390,0.0
391,15.0
392,81.0
393,78.0
394,0.0
395,0.0
396,11.0
397,0.0
398,56.0
399,1.0
400,0.0
401,10.0
402,0.0
403,0.0
404,0.0
405,0.0
406,0.0
407,0.0
408,0.0
409,0.0
410,0.0
411,0.0
412,0.0
413,0.0
414,0.0
415,0.0
416,0.0
417,0.0
418,0.0
419,0.0
420,63.0
421,2.0
422,0.0
423,9.0
424,0.0
425,2.0
426,71.0
427,0.0
428,0.0
429,28.0
430,29.0
431,21.0
432,0.0
433,41.0
434,23.0
435,2.0
436,0.0
437,0.0
438,0.0
439,36.0
440,26.0
441,12.0
442,0.0
443,89.0
444,148.0
445,224.0
446,31.0
447,33.0
448,47.0
449,0.0
450,0.0
451,88.0
452,3.0
453,0.0
454,48.0
455,6.0
456,18.0
457,13.0
458,80.0
459,26.0
460,0.0
461,77.0
462,55.0
463,8.0
464,11.0
465,0.0
466,56.0
467,2.0
468,16.0
469,22.0
470,131.0
471,0.0
472,0.0
473,40.0
474,0.0
475,42.0
476,1.0
477,125.0
478,30.0
479,23.0
480,0.0
481,6.0
482,0.0
483,0.0
484,0.0
485,31.0
486,69.0
487,0.0
488,30.0
489,2.0
490,38.0
491,0.0
492,0.0
493,13.0
494,22.0
495,0.0
496,0.0
497,0.0
498,0.0
499,0.0
500,0.0
501,8.0
502,20.0
503,13.0
504,0.0
505,3.0
506,0.0
507,2.0
508,0.0
509,9.0
510,0.0
511,9.0
512,6.0
513,0.0
514,0.0
515,4.0
516,29.0
517,15.0
518,34.0
519,31.0
520,41.0
521,13.0
522,5.0
523,13.0
524,19.0
525,20.0
526,11.0
527,12.0
528,0.0
529,58.0
530,3.0
531,5.0
532,12.0
533,0.0
534,0.0
535,21.0
536,2.0
537,0.0
538,17.0
539,0.0
540,1.0
541,101.0
542,3.0
543,39.0
544,0.0
545,45.0
546,37.0
547,0.0
548,0.0
549,0.0
550,0.0
551,0.0
552,0.0
553,0.0
554,30.0
555,72.0
556,43.0
557,0.0
558,0.0
559,208.0
560,16.0
561,0.0
562,0.0
563,2.0
564,0.0
565,46.0
566,4.0
567,44.0
568,18.0
569,15.0
570,0.0
571,29.0
572,33.0
573,0.0
574,0.0
575,27.0
576,3.0
577,7.0
578,9.0
579,20.0
580,0.0
581,17.0
582,13.0
583,7.0
584,0.0
585,4.0
586,16.0
587,0.0
588,42.0
589,6.0
590,30.0
591,33.0
592,56.0
593,0.0
594,84.0
595,1.0
596,2.0
597,2.0
598,0.0
599,17.0
600,70.0
601,2.0
602,120.0
603,0.0
604,0.0
605,0.0
606,28.0
607,0.0
608,0.0
609,0.0
610,23.0
611,0.0
612,52.0
613,36.0
614,15.0
615,32.0
616,57.0
617,118.0
618,0.0
619,4.0
620,15.0
621,3.0
622,0.0
623,75.0
624,22.0
625,0.0
626,0.0
627,77.0
628,2.0
629,51.0
630,27.0
631,20.0
632,26.0
633,36.0
634,8.0
635,4.0
636,0.0
637,5.0
638,0.0
639,0.0
640,1.0
641,17.0
642,17.0
643,0.0
644,0.0
645,1.0
646,0.0
647,1.0
648,4.0
649,26.0
650,0.0
651,37.0
652,17.0
653,1.0
654,20.0
655,25.0
656,0.0
657,0.0
658,1.0
659,65.0
660,0.0
661,0.0
662,0.0
663,0.0
664,0.0
665,0.0
666,0.0
667,46.0
668,0.0
669,0.0
670,0.0
671,34.0
672,19.0
673,31.0
674,46.0
675,0.0
676,26.0
677,0.0
678,29.0
679,3.0
680,2.0
681,74.0
682,155.0
683,49.0
684,1.0
685,0.0
686,0.0
687,41.0
688,0.0
689,120.0
690,91.0
691,31.0
692,6.0
693,201.0
694,6.0
695,0.0
696,60.0
697,0.0
698,0.0
699,0.0
700,5.0
701,2.0
702,0.0
703,0.0
704,0.0
705,0.0
706,40.0
707,62.0
708,54.0
709,0.0
710,82.0
711,1.0
712,0.0
713,12.0
714,0.0
715,28.0
716,2.0
717,13.0
718,1.0
719,33.0
720,25.0
721,0.0
722,9.0
723,0.0
724,0.0
725,0.0
726,22.0
727,14.0
728,0.0
729,2.0
730,1.0
731,0.0
732,3.0
733,0.0
734,0.0
735,0.0
736,0.0
737,0.0
738,0.0
739,0.0
740,43.0
741,0.0
742,0.0
743,0.0
744,0.0
745,0.0
746,0.0
747,0.0
748,0.0
749,0.0
750,0.0
751,0.0
752,1.0
753,0.0
754,0.0
755,0.0
756,0.0
757,0.0
758,0.0
759,32.0
760,0.0
761,31.0
762,0.0
763,0.0
764,0.0
765,0.0
766,73.0
767,10.0
768,90.0
769,0.0
770,0.0
771,3.0
772,1.0
773,4.0
774,0.0
775,1.0
776,0.0
777,0.0
778,0.0
779,22.0
780,0.0
781,3.0
782,68.0
783,35.0
784,33.0
785,29.0
786,0.0
787,31.0
788,0.0
789,0.0
790,0.0
791,0.0
792,0.0
793,24.0
794,0.0
795,0.0
796,0.0
797,0.0
798,0.0
799,0.0
800,32.0
801,47.0
802,0.0
803,71.0
804,45.0
805,0.0
806,0.0
807,94.0
808,0.0
809,0.0
810,1.0
811,0.0
812,1.0
813,26.0
814,1.0
815,28.0
816,1.0
817,1.0
818,1.0
819,33.0
820,8.0
821,7.0
822,0.0
823,34.0
824,0.0
825,35.0
826,15.0
827,54.0
828,0.0
829,40.0
830,0.0
831,0.0
832,100.0
833,0.0
834,0.0
835,0.0
836,23.0
837,0.0
838,0.0
839,0.0
840,0.0
841,0.0
842,0.0
843,0.0
844,0.0
845,0.0
846,0.0
847,22.0
848,0.0
849,0.0
850,9.0
851,22.0
852,11.0
853,2.0
854,18.0
855,4.0
856,0.0
857,0.0
858,2.0
859,11.0
860,34.0
861,0.0
862,15.0
863,12.0
864,0.0
865,0.0
866,0.0
867,0.0
868,0.0
869,0.0
870,0.0
871,0.0
872,0.0
873,22.0
874,0.0
875,0.0
876,1.0
877,3.0
878,25.0
879,0.0
880,4.0
881,0.0
882,0.0
883,0.0
884,8.0
885,16.0
886,1.0
887,0.0
888,22.0
889,0.0
890,0.0
891,0.0
892,8.0
893,6.0
894,0.0
895,0.0
896,0.0
897,21.0
898,0.0
899,0.0
900,4.0
901,0.0
902,0.0
903,0.0
904,0.0
905,35.0
906,0.0
907,0.0
908,0.0
909,25.0
910,0.0
911,12.0
912,0.0
913,32.0
914,0.0
915,10.0
916,0.0
917,6.0
918,2.0
919,11.0
920,0.0
921,0.0
922,21.0
923,17.0
924,0.0
925,14.0
926,4.0
927,35.0
928,39.0
929,31.0
930,33.0
931,0.0
932,25.0
933,31.0
934,0.0
935,0.0
936,23.0
937,0.0
938,0.0
939,29.0
940,68.0
941,0.0
942,0.0
943,56.0
944,26.0
945,11.0
946,24.0
947,0.0
948,0.0
949,0.0
950,0.0
951,0.0
952,0.0
953,0.0
954,0.0
955,40.0
956,7.0
957,15.0
958,0.0
959,14.0
960,4.0
961,1.0
962,4.0
963,17.0
964,75.0
965,8.0
966,1.0
967,18.0
968,0.0
969,21.0
970,17.0
971,12.0
972,22.0
973,19.0
974,0.0
975,0.0
976,0.0
977,0.0
978,1.0
979,0.0
980,0.0
981,0.0
982,0.0
983,0.0
984,0.0
985,16.0
986,8.0
987,0.0
988,1.0
989,0.0
990,0.0
991,0.0
992,0.0
993,8.0
994,1.0
995,86.0
996,31.0
997,10.0
998,20.0
999,31.0
1000,0.0
1001,0.0
1002,13.0
1003,0.0
1004,33.0
1005,3.0
1006,0.0
1007,28.0
1008,0.0
1009,0.0
1010,24.0
1011,8.0
1012,0.0
1013,0.0
1014,0.0
1015,19.0
1016,0.0
1017,0.0
1018,0.0
1019,0.0
1020,0.0
1021,0.0
1022,8.0
1023,29.0
1024,8.0
1025,17.0
1026,0.0
1027,31.0
1028,2.0
1029,0.0
1030,28.0
1031,83.0
1032,37.0
1033,0.0
1034,1.0
1035,72.0
1036,0.0
1037,31.0
1038,0.0
1039,0.0
1040,1.0
1041,4.0
1042,3.0
1043,0.0
1044,0.0
1045,33.0
1046,30.0
1047,0.0
1048,4.0
1049,0.0
1050,0.0
1051,0.0
1052,0.0
1053,0.0
1054,9.0
1055,3.0
1056,0.0
1057,0.0
1058,0.0
1059,9.0
1060,11.0
1061,14.0
1062,21.0
1063,25.0
1064,11.0
1065,2.0
1066,23.0
1067,3.0
1068,22.0
1069,4.0
1070,0.0
1071,16.0
1072,22.0
1073,18.0
1074,38.0
1075,0.0
1076,0.0
1077,0.0
1078,0.0
1079,20.0
1080,198.0
1081,0.0
1082,0.0
1083,14.0
1084,0.0
1085,26.0
1086,0.0
1087,19.0
1088,0.0
1089,0.0
1090,15.0
1091,3.0
1092,0.0
1093,4.0
1094,0.0
1095,24.0
1096,27.0
1097,0.0
1098,3.0
1099,63.0
1100,17.0
1101,26.0
1102,0.0
1103,0.0
1104,0.0
1105,33.0
1106,34.0
1107,42.0
1108,0.0
1109,23.0
1110,0.0
1111,3.0
1112,4.0
1113,3.0
1114,19.0
1115,18.0
1116,8.0
1117,21.0
1118,23.0
1119,0.0
1120,22.0
1121,11.0
1122,0.0
1123,0.0
1124,0.0
1125,0.0
1126,39.0
1127,36.0
1128,58.0
1129,23.0
1130,36.0
1131,0.0
1132,71.0
1133,0.0
1134,70.0
1135,67.0
1136,129.0
1137,0.0
1138,0.0
1139,0.0
1140,36.0
1141,26.0
1142,0.0
1143,1.0
1144,16.0
1145,33.0
1146,0.0
1147,0.0
1148,0.0
1149,0.0
1150,0.0
1151,10.0
1152,0.0
1153,8.0
1154,12.0
1155,33.0
1156,0.0
1157,12.0
1158,0.0
1159,72.0
1160,28.0
1161,1.0
1162,0.0
1163,20.0
1164,25.0
1165,3.0
1166,0.0
1167,7.0
1168,0.0
1169,0.0
1170,13.0
1171,7.0
1172,0.0
1173,0.0
1174,0.0
1175,1.0
1176,12.0
1177,22.0
1178,5.0
1179,46.0
1180,17.0
1181,22.0
1182,0.0
1183,0.0
1184,4.0
1185,4.0
1186,0.0
1187,0.0
1188,1.0
1189,28.0
1190,21.0
1191,3.0
1192,10.0
1193,71.0
1194,0.0
1195,0.0
1196,13.0
1197,0.0
1198,0.0
1199,0.0
1200,0.0
1201,0.0
1202,3.0
1203,0.0
1204,0.0
1205,0.0
1206,0.0
1207,4.0
1208,0.0
1209,0.0
1210,0.0
1211,21.0
1212,0.0
1213,1.0
1214,12.0
1215,3.0
1216,20.0
1217,9.0
1218,0.0
1219,39.0
1220,0.0
1221,73.0
1222,0.0
1223,35.0
1224,42.0
1225,23.0
1226,29.0
1227,27.0
1228,39.0
1229,31.0
1230,68.0
1231,0.0
1232,0.0
1233,0.0
1234,12.0
1235,0.0
1236,35.0
1237,10.0
1238,37.0
1239,21.0
1240,10.0
1241,11.0
1242,117.0
1243,141.0
1244,26.0
1245,15.0
1246,0.0
1247,16.0
1248,32.0
1249,0.0
1250,7.0
1251,13.0
1252,10.0
1253,7.0
1254,1.0
1255,0.0
1256,0.0
1257,16.0
1258,19.0
1259,0.0
1260,0.0
1261,60.0
1262,20.0
1263,36.0
1264,3.0
1265,11.0
1266,0.0
1267,0.0
1268,4.0
1269,0.0
1270,40.0
1271,0.0
1272,12.0
1273,20.0
1274,0.0
1275,39.0
1276,38.0
1277,11.0
1278,32.0
1279,24.0
1280,12.0
1281,9.0
1282,91.0
1283,0.0
1284,0.0
1285,25.0
1286,24.0
1287,17.0
1288,14.0
1289,17.0
1290,43.0
1291,38.0
1292,41.0
1293,0.0
1294,48.0
1295,25.0
1296,33.0
1297,0.0
1298,43.0
1299,22.0
1300,28.0
1301,0.0
1302,0.0
1303,74.0
1304,0.0
1305,0.0
1306,15.0
1307,2.0
1308,99.0
1309,0.0
1310,18.0
1311,49.0
1312,36.0
1313,0.0
1314,0.0
1315,24.0
1316,0.0
1317,0.0
1318,0.0
1319,0.0
1320,19.0
1321,0.0
1322,0.0
1323,0.0
1324,34.0
1325,14.0
1326,18.0
1327,17.0
1328,15.0
1329,52.0
1330,19.0
1331,6.0
1332,0.0
1333,0.0
1334,23.0
1335,185.0
1336,10.0
1337,0.0
1338,17.0
1339,3.0
1340,0.0
1341,22.0
1342,2.0
1343,20.0
1344,23.0
1345,12.0
1346,12.0
1347,14.0
1348,0.0
1349,10.0
1350,5.0
1351,14.0
1352,1.0
1353,0.0
1354,19.0
1355,5.0
1356,12.0
1357,31.0
1358,45.0
1359,40.0
1360,4.0
1361,23.0
1362,17.0
1363,31.0
1364,24.0
1365,0.0
1366,0.0
1367,0.0
1368,0.0
1369,17.0
1370,58.0
1371,118.0
1372,211.0
1373,88.0
1374,58.0
1375,57.0
1376,55.0
1377,140.0
1378,53.0
1379,107.0
1380,180.0
1381,12.0
1382,0.0
1383,0.0
1384,0.0
1385,1.0
1386,20.0
1387,0.0
1388,18.0
1389,22.0
1390,0.0
1391,0.0
1392,15.0
1393,0.0
1394,0.0
1395,12.0
1396,38.0
1397,0.0
1398,0.0
1399,3.0
1400,0.0
1401,0.0
1402,0.0
1403,5.0
1404,25.0
1405,23.0
1406,15.0
1407,104.0
1408,0.0
1409,0.0
1410,0.0
1411,7.0
1412,60.0
1413,0.0
1414,0.0
1415,0.0
1416,0.0
1417,0.0
1418,0.0
1419,0.0
1420,4.0
1421,0.0
1422,0.0
1423,3.0
1424,10.0
1425,0.0
1426,144.0
1427,47.0
1428,160.0
1429,133.0
1430,127.0
1431,5.0
1432,8.0
1433,0.0
1434,8.0
1435,0.0
1436,0.0
1437,0.0
1438,1.0
1439,0.0
1440,0.0
1441,0.0
1442,0.0
1443,63.0
1444,50.0
1445,42.0
1446,40.0
1447,67.0
1448,71.0
1449,63.0
1450,105.0
1451,16.0
1452,102.0
1453,0.0
1454,0.0
1455,12.0
1456,36.0
1457,75.0
1458,0.0
1459,0.0
1460,0.0
1461,0.0
1462,0.0
1463,0.0
1464,0.0
1465,0.0
1466,0.0
1467,0.0
1468,0.0
1469,0.0
1470,0.0
1471,26.0
1472,0.0
1473,9.0
1474,0.0
1475,0.0
1476,0.0
1477,0.0
1478,1.0
1479,0.0
1480,20.0
1481,9.0
1482,6.0
1483,0.0
1484,0.0
1485,1.0
1486,15.0
1487,9.0
1488,0.0
1489,0.0
1490,25.0
1491,0.0
1492,8.0
1493,13.0
1494,0.0
1495,9.0
1496,0.0
1497,1.0
1498,25.0
1499,0.0
1500,8.0
1501,0.0
1502,10.0
1503,203.0
1504,83.0
1505,0.0
1506,67.0
1507,36.0
1508,31.0
1509,14.0
1510,0.0
1511,0.0
1512,19.0
1513,65.0
1514,7.0
1515,0.0
1516,24.0
1517,32.0
1518,0.0
1519,1.0
1520,14.0
1521,1.0
1522,0.0
1523,0.0
1524,1.0
1525,15.0
1526,0.0
1527,23.0
1528,5.0
1529,3.0
1530,14.0
1531,1.0
1532,0.0
1533,10.0
1534,7.0
1535,0.0
1536,2.0
1537,0.0
1538,0.0
1539,0.0
1540,0.0
1541,74.0
1542,72.0
1543,77.0
1544,46.0
1545,36.0
1546,0.0
1547,0.0
1548,0.0
1549,151.0
1550,76.0
1551,83.0
1552,72.0
1553,0.0
1554,18.0
1555,1.0
1556,3.0
1557,62.0
1558,3.0
1559,83.0
1560,163.0
1561,0.0
1562,60.0
1563,30.0
1564,60.0
1565,0.0
1566,80.0
1567,116.0
1568,86.0
1569,39.0
1570,32.0
1571,107.0
1572,75.0
1573,0.0
1574,39.0
1575,120.0
1576,45.0
1577,73.0
1578,36.0
1579,61.0
1580,0.0
1581,0.0
1582,0.0
1583,36.0
1584,134.0
1585,35.0
1586,35.0
1587,35.0
1588,145.0
1589,48.0
1590,78.0
1591,62.0
1592,80.0
1593,158.0
1594,0.0
1595,0.0
1596,120.0
1597,46.0
1598,0.0
1599,0.0
1600,0.0
1601,0.0
1602,0.0
1603,0.0
1604,7.0
1605,124.0
1606,55.0
1607,51.0
1608,76.0
1609,36.0
1610,37.0
1611,208.0
1612,134.0
1613,27.0
1614,34.0
1615,38.0
1616,66.0
1617,32.0
1618,0.0
1619,71.0
1620,75.0
1621,72.0
1622,0.0
1623,0.0
1624,0.0
1625,0.0
1626,85.0
1627,238.0
1628,76.0
1629,82.0
1630,0.0
1631,38.0
1632,34.0
1633,27.0
1634,40.0
1635,44.0
1636,0.0
1637,82.0
1638,67.0
1639,36.0
1640,114.0
1641,0.0
1642,0.0
1643,0.0
1644,0.0
1645,0.0
1646,0.0
1647,0.0
1648,0.0
1649,0.0
1650,0.0
1651,0.0
1652,0.0
1653,0.0
1654,0.0
1655,0.0
1656,0.0
1657,0.0
1658,0.0
1659,0.0
1660,0.0
1661,0.0
1662,0.0
1663,0.0
1664,0.0
1665,0.0
1666,0.0
1667,0.0
1668,0.0
1669,0.0
1670,0.0
1671,0.0
1672,0.0
1673,42.0
1674,55.0
1675,79.0
1676,157.0
1677,88.0
1678,220.0
1679,150.0
1680,199.0
1681,154.0
1682,41.0
1683,49.0
1684,112.0
1685,75.0
1686,119.0
1687,124.0
1688,82.0
1689,85.0
1690,89.0
1691,92.0
1692,103.0
1693,188.0
1694,94.0
1695,227.0
1696,237.0
1697,85.0
1698,237.0
1699,101.0
1700,297.0
1701,150.0
1702,88.0
1703,218.0
1704,237.0
1705,195.0
1706,229.0
1707,88.0
1708,136.0
1709,287.0
1710,0.0
1711,0.0
1712,0.0
1713,0.0
1714,0.0
1715,0.0
1716,0.0
1717,0.0
1718,0.0
1719,0.0
1720,0.0
1721,0.0
1722,0.0
1723,0.0
1724,26.0
1725,29.0
1726,0.0
1727,0.0
1728,0.0
1729,36.0
1730,29.0
1731,78.0
1732,32.0
1733,32.0
1734,24.0
1735,32.0
1736,0.0
1737,0.0
1738,0.0
1739,0.0
1740,0.0
1741,0.0
1742,0.0
1743,0.0
1744,0.0
1745,0.0
1746,0.0
1747,0.0
1748,0.0
1749,0.0
1750,0.0
1751,0.0
1752,0.0
1753,0.0
1754,0.0
1755,0.0
1756,0.0
1757,0.0
1758,0.0
1759,0.0
1760,0.0
1761,0.0
1762,0.0
1763,0.0
1764,0.0
1765,0.0
1766,0.0
1767,0.0
1768,35.0
1769,0.0
1770,32.0
1771,34.0
1772,41.0
1773,32.0
1774,34.0
1775,29.0
1776,262.0
1777,120.0
1778,38.0
1779,56.0
1780,96.0
1781,55.0
1782,0.0
1783,38.0
1784,78.0
1785,78.0
1786,31.0
1787,0.0
1788,0.0
1789,0.0
1790,0.0
1791,0.0
1792,0.0
1793,0.0
1794,0.0
1795,0.0
1796,0.0
1797,0.0
1798,0.0
1799,0.0
1800,0.0
1801,0.0
1802,0.0
1803,0.0
1804,0.0
1805,0.0
1806,7.0
1807,0.0
1808,2.0
1809,2.0
1810,2.0
1811,2.0
1812,2.0
1813,2.0
1814,20.0
1815,16.0
1816,2.0
1817,4.0
1818,9.0
1819,29.0
1820,0.0
1821,1.0
1822,81.0
1823,55.0
1824,8.0
1825,14.0
1826,3.0
1827,25.0
1828,0.0
1829,2.0
1830,7.0
1831,14.0
1832,3.0
1833,3.0
1834,6.0
1835,4.0
1836,5.0
1837,32.0
1838,35.0
1839,29.0
1840,1.0
1841,32.0
1842,14.0
1843,2.0
1844,12.0
1845,28.0
1846,7.0
1847,28.0
1848,22.0
1849,14.0
1850,25.0
1851,33.0
1852,19.0
1853,36.0
1854,1.0
1855,23.0
1856,13.0
1857,30.0
1858,13.0
1859,116.0
1860,1.0
1861,15.0
1862,1.0
1863,2.0
1864,2.0
1865,0.0
1866,22.0
1867,12.0
1868,2.0
1869,28.0
1870,26.0
1871,1.0
1872,0.0
1873,10.0
1874,25.0
1875,90.0
1876,0.0
1877,0.0
1878,0.0
1879,0.0
1880,16.0
1881,0.0
1882,0.0
1883,13.0
1884,1.0
1885,48.0
1886,0.0
1887,22.0
1888,2.0
1889,31.0
1890,21.0
1891,0.0
1892,30.0
1893,1.0
1894,0.0
1895,7.0
1896,13.0
1897,2.0
1898,20.0
1899,10.0
1900,21.0
1901,0.0
1902,22.0
1903,1.0
1904,1.0
1905,20.0
1906,27.0
1907,5.0
1908,45.0
1909,21.0
1910,51.0
1911,35.0
1912,0.0
1913,35.0
1914,5.0
1915,1.0
1916,3.0
1917,0.0
1918,4.0
1919,1.0
1920,1.0
1921,0.0
1922,39.0
1923,0.0
1924,0.0
1925,3.0
1926,1.0
1927,5.0
1928,0.0
1929,3.0
1930,6.0
1931,1.0
1932,0.0
1933,3.0
1934,18.0
1935,16.0
1936,0.0
1937,20.0
1938,0.0
1939,3.0
1940,15.0
1941,1.0
1942,1.0
1943,20.0
1944,27.0
1945,0.0
1946,2.0
1947,1.0
1948,5.0
1949,1.0
1950,1.0
1951,3.0
1952,0.0
1953,0.0
1954,2.0
1955,1.0
1956,0.0
1957,31.0
1958,4.0
1959,5.0
1960,3.0
1961,4.0
1962,36.0
1963,22.0
1964,21.0
1965,0.0
1966,83.0
1967,2.0
1968,1.0
1969,126.0
1970,2.0
1971,9.0
1972,4.0
1973,0.0
1974,60.0
1975,1.0
1976,1.0
1977,3.0
1978,1.0
1979,1.0
1980,2.0
1981,2.0
1982,0.0
1983,1.0
1984,32.0
1985,2.0
1986,4.0
1987,0.0
1988,1.0
1989,0.0
1990,27.0
1991,13.0
1992,2.0
1993,3.0
1994,1.0
1995,0.0
1996,7.0
1997,5.0
1998,3.0
1999,3.0
2000,3.0
2001,88.0
2002,2.0
2003,28.0
2004,19.0
2005,1.0
2006,39.0
2007,2.0
2008,0.0
2009,1.0
2010,42.0
2011,6.0
2012,1.0
2013,2.0
2014,50.0
2015,18.0
2016,25.0
2017,0.0
2018,0.0
2019,27.0
2020,36.0
2021,0.0
2022,22.0
2023,5.0
2024,2.0
2025,25.0
2026,7.0
2027,5.0
2028,33.0
2029,16.0
2030,2.0
2031,31.0
2032,34.0
2033,15.0
2034,2.0
2035,15.0
2036,28.0
2037,6.0
2038,1.0
2039,17.0
2040,0.0
2041,32.0
2042,6.0
2043,0.0
2044,110.0
2045,21.0
2046,5.0
2047,1.0
2048,2.0
2049,1.0
2050,1.0
2051,2.0
2052,1.0
2053,1.0
2054,0.0
2055,0.0
2056,1.0
2057,4.0
2058,2.0
2059,1.0
2060,4.0
2061,14.0
2062,41.0
2063,1.0
2064,11.0
2065,1.0
2066,13.0
2067,0.0
2068,2.0
2069,26.0
2070,2.0
2071,0.0
2072,26.0
2073,2.0
2074,34.0
2075,25.0
2076,21.0
2077,20.0
2078,2.0
2079,4.0
2080,1.0
2081,0.0
2082,5.0
2083,2.0
2084,4.0
2085,5.0
2086,19.0
2087,6.0
2088,1.0
2089,1.0
2090,71.0
2091,65.0
2092,23.0
2093,1.0
2094,24.0
2095,13.0
2096,29.0
2097,26.0
2098,27.0
2099,23.0
2100,0.0
2101,25.0
2102,25.0
2103,1.0
2104,36.0
2105,35.0
2106,2.0
2107,35.0
2108,36.0
2109,25.0
2110,35.0
2111,8.0
2112,0.0
2113,0.0
2114,0.0
2115,0.0
2116,0.0
2117,0.0
2118,0.0
2119,51.0
2120,0.0
2121,0.0
2122,13.0
2123,34.0
2124,2.0
2125,0.0
2126,0.0
2127,13.0
2128,9.0
2129,16.0
2130,0.0
2131,0.0
2132,11.0
2133,26.0
2134,35.0
2135,33.0
2136,38.0
2137,3.0
2138,35.0
2139,36.0
2140,0.0
2141,1.0
2142,0.0
2143,3.0
2144,15.0
2145,21.0
2146,21.0
2147,32.0
2148,1.0
2149,26.0
2150,30.0
2151,30.0
2152,34.0
2153,2.0
2154,1.0
2155,23.0
2156,0.0
2157,42.0
2158,3.0
2159,0.0
2160,1.0
2161,1.0
2162,0.0
2163,2.0
2164,1.0
2165,2.0
2166,20.0
2167,3.0
2168,35.0
2169,21.0
2170,17.0
2171,0.0
2172,0.0
2173,1.0
2174,0.0
2175,30.0
2176,5.0
2177,5.0
2178,16.0
2179,21.0
2180,77.0
2181,66.0
2182,0.0
2183,2.0
2184,1.0
2185,0.0
2186,1.0
2187,2.0
2188,1.0
2189,0.0
2190,1.0
2191,0.0
2192,0.0
2193,22.0
2194,0.0
2195,17.0
2196,42.0
2197,3.0
2198,26.0
2199,26.0
2200,0.0
2201,0.0
2202,18.0
2203,77.0
2204,93.0
2205,0.0
2206,2.0
2207,1.0
2208,1.0
2209,8.0
2210,40.0
2211,3.0
2212,0.0
2213,32.0
2214,25.0
2215,0.0
2216,21.0
2217,34.0
2218,42.0
2219,2.0
2220,1.0
2221,1.0
2222,1.0
2223,1.0
2224,37.0
2225,1.0
2226,1.0
2227,1.0
2228,1.0
2229,2.0
2230,0.0
2231,25.0
2232,2.0
2233,2.0
2234,3.0
2235,1.0
2236,3.0
2237,5.0
2238,4.0
2239,6.0
2240,1.0
2241,5.0
2242,0.0
2243,20.0
2244,0.0
2245,3.0
2246,3.0
2247,19.0
2248,29.0
2249,2.0
2250,85.0
2251,1.0
2252,2.0
2253,1.0
2254,1.0
2255,28.0
2256,1.0
2257,2.0
2258,3.0
2259,26.0
2260,1.0
2261,1.0
2262,1.0
2263,2.0
2264,34.0
2265,27.0
2266,1.0
2267,1.0
2268,19.0
2269,20.0
2270,16.0
2271,1.0
2272,1.0
2273,1.0
2274,1.0
2275,1.0
2276,1.0
2277,2.0
2278,5.0
2279,1.0
2280,1.0
2281,1.0
2282,1.0
2283,1.0
2284,1.0
2285,10.0
2286,0.0
2287,7.0
2288,5.0
2289,10.0
2290,0.0
2291,13.0
2292,0.0
2293,4.0
2294,1.0
2295,1.0
2296,1.0
2297,1.0
2298,0.0
2299,2.0
2300,0.0
2301,27.0
2302,2.0
2303,4.0
2304,15.0
2305,59.0
2306,2.0
2307,2.0
2308,2.0
2309,2.0
2310,41.0
2311,2.0
2312,5.0
2313,2.0
2314,1.0
2315,14.0
2316,1.0
2317,1.0
2318,7.0
2319,7.0
2320,3.0
2321,1.0
2322,1.0
2323,40.0
2324,1.0
2325,0.0
2326,1.0
2327,1.0
2328,1.0
2329,1.0
2330,52.0
2331,24.0
2332,46.0
2333,2.0
2334,0.0
2335,2.0
2336,76.0
2337,0.0
2338,0.0
2339,1.0
2340,3.0
2341,0.0
2342,2.0
2343,0.0
2344,6.0
2345,36.0
2346,0.0
2347,24.0
2348,0.0
2349,0.0
2350,116.0
2351,29.0
2352,23.0
2353,16.0
2354,25.0
2355,31.0
2356,23.0
2357,19.0
2358,19.0
2359,29.0
2360,0.0
2361,40.0
2362,31.0
2363,2.0
2364,1.0
2365,17.0
2366,0.0
2367,5.0
2368,22.0
2369,21.0
2370,22.0
2371,35.0
2372,73.0
2373,6.0
2374,21.0
2375,22.0
2376,1.0
2377,0.0
2378,10.0
2379,24.0
2380,32.0
2381,87.0
2382,36.0
2383,32.0
2384,4.0
2385,26.0
2386,17.0
2387,216.0
2388,49.0
2389,50.0
2390,39.0
2391,31.0
2392,48.0
2393,35.0
2394,21.0
2395,130.0
2396,62.0
2397,61.0
2398,131.0
2399,109.0
2400,22.0
2401,133.0
2402,2.0
2403,50.0
2404,2.0
2405,3.0
2406,1.0
2407,3.0
2408,1.0
2409,3.0
2410,2.0
2411,3.0
2412,6.0
2413,6.0
2414,16.0
2415,0.0
2416,3.0
2417,3.0
2418,4.0
2419,2.0
2420,1.0
2421,0.0
2422,0.0
2423,23.0
2424,1.0
2425,1.0
2426,2.0
2427,2.0
2428,15.0
2429,56.0
2430,2.0
2431,32.0
2432,10.0
2433,0.0
2434,2.0
2435,1.0
2436,1.0
2437,3.0
2438,4.0
2439,3.0
2440,5.0
2441,3.0
2442,24.0
2443,5.0
2444,2.0
2445,3.0
2446,9.0
2447,2.0
2448,10.0
2449,1.0
2450,1.0
2451,1.0
2452,1.0
2453,0.0
2454,1.0
2455,0.0
2456,1.0
2457,1.0
2458,0.0
2459,1.0
2460,1.0
2461,1.0
2462,21.0
2463,0.0
2464,1.0
2465,1.0
2466,1.0
2467,3.0
2468,1.0
2469,4.0
2470,1.0
2471,29.0
2472,1.0
2473,0.0
2474,1.0
2475,16.0
2476,15.0
2477,41.0
2478,0.0
2479,8.0
2480,1.0
2481,0.0
2482,32.0
2483,1.0
2484,27.0
2485,26.0
2486,34.0
2487,55.0
2488,0.0
2489,12.0
2490,0.0
2491,26.0
2492,0.0
2493,0.0
2494,2.0
2495,0.0
2496,0.0
2497,1.0
2498,1.0
2499,2.0
2500,1.0
2501,64.0
2502,106.0
2503,2.0
2504,0.0
2505,0.0
2506,0.0
2507,1.0
2508,5.0
2509,4.0
2510,0.0
2511,1.0
2512,1.0
2513,1.0
2514,1.0
2515,32.0
2516,0.0
2517,2.0
2518,35.0
2519,1.0
2520,5.0
2521,6.0
2522,2.0
2523,2.0
2524,1.0
2525,2.0
2526,2.0
2527,2.0
2528,2.0
2529,9.0
2530,77.0
2531,1.0
2532,36.0
2533,11.0
2534,3.0
2535,68.0
2536,2.0
2537,153.0
2538,17.0
2539,2.0
2540,0.0
2541,2.0
2542,1.0
2543,33.0
2544,0.0
2545,5.0
2546,0.0
2547,1.0
2548,2.0
2549,0.0
2550,1.0
2551,1.0
2552,0.0
2553,1.0
2554,39.0
2555,1.0
2556,1.0
2557,1.0
2558,1.0
2559,1.0
2560,1.0
2561,19.0
2562,0.0
2563,1.0
2564,1.0
2565,1.0
2566,0.0
2567,1.0
2568,0.0
2569,0.0
2570,28.0
2571,0.0
2572,19.0
2573,0.0
2574,6.0
2575,1.0
2576,1.0
2577,22.0
2578,1.0
2579,1.0
2580,1.0
2581,2.0
2582,3.0
2583,53.0
2584,14.0
2585,2.0
2586,8.0
2587,5.0
2588,1.0
2589,33.0
2590,0.0
2591,1.0
2592,1.0
2593,1.0
2594,1.0
2595,5.0
2596,1.0
2597,1.0
2598,0.0
2599,8.0
2600,1.0
2601,1.0
2602,1.0
2603,0.0
2604,23.0
2605,20.0
2606,1.0
2607,37.0
2608,1.0
2609,0.0
2610,1.0
2611,0.0
2612,1.0
2613,49.0
2614,44.0
2615,1.0
2616,31.0
2617,0.0
2618,32.0
2619,36.0
2620,14.0
2621,11.0
2622,14.0
2623,0.0
2624,17.0
2625,27.0
2626,32.0
2627,7.0
2628,13.0
2629,9.0
2630,14.0
2631,17.0
2632,2.0
2633,2.0
2634,30.0
2635,3.0
2636,1.0
2637,2.0
2638,2.0
2639,4.0
2640,34.0
2641,35.0
2642,1.0
2643,1.0
2644,1.0
2645,1.0
2646,1.0
2647,1.0
2648,1.0
2649,1.0
2650,1.0
2651,1.0
2652,1.0
2653,1.0
2654,1.0
2655,4.0
2656,1.0
2657,2.0
2658,4.0
2659,1.0
2660,0.0
2661,113.0
2662,1.0
2663,1.0
2664,1.0
2665,1.0
2666,0.0
2667,1.0
2668,2.0
2669,0.0
2670,14.0
2671,51.0
2672,72.0
2673,45.0
2674,1.0
2675,0.0
2676,0.0
2677,1.0
2678,31.0
2679,29.0
2680,130.0
2681,1.0
2682,0.0
2683,1.0
2684,1.0
2685,82.0
2686,34.0
2687,3.0
2688,36.0
2689,5.0
2690,1.0
2691,1.0
2692,1.0
2693,1.0
2694,22.0
2695,4.0
2696,15.0
2697,22.0
2698,2.0
2699,33.0
2700,15.0
2701,1.0
2702,26.0
2703,0.0
2704,2.0
2705,2.0
2706,17.0
2707,0.0
2708,38.0
2709,58.0
2710,0.0
2711,40.0
2712,0.0
2713,7.0
2714,1.0
2715,0.0
2716,68.0
2717,1.0
2718,0.0
2719,49.0
2720,0.0
2721,1.0
2722,1.0
2723,1.0
2724,1.0
2725,0.0
2726,26.0
2727,33.0
2728,0.0
2729,15.0
2730,1.0
2731,1.0
2732,1.0
2733,0.0
2734,4.0
2735,0.0
2736,0.0
2737,8.0
2738,0.0
2739,18.0
2740,2.0
2741,0.0
2742,0.0
2743,9.0
2744,12.0
2745,4.0
2746,40.0
2747,1.0
2748,2.0
2749,2.0
2750,5.0
2751,11.0
2752,2.0
2753,2.0
2754,19.0
2755,3.0
2756,2.0
2757,36.0
2758,3.0
2759,0.0
2760,1.0
2761,1.0
2762,1.0
2763,1.0
2764,57.0
2765,2.0
2766,30.0
2767,27.0
2768,0.0
2769,55.0
2770,2.0
2771,0.0
2772,1.0
2773,37.0
2774,47.0
2775,32.0
2776,106.0
2777,0.0
2778,20.0
2779,1.0
2780,1.0
2781,17.0
2782,21.0
2783,25.0
2784,2.0
2785,0.0
2786,0.0
2787,2.0
2788,22.0
2789,18.0
2790,0.0
2791,0.0
2792,0.0
2793,0.0
2794,0.0
2795,0.0
2796,0.0
2797,0.0
2798,49.0
2799,3.0
2800,0.0
2801,0.0
2802,0.0
2803,0.0
2804,23.0
2805,2.0
2806,2.0
2807,1.0
2808,1.0
2809,1.0
2810,1.0
2811,1.0
2812,1.0
2813,1.0
2814,1.0
2815,1.0
2816,1.0
2817,1.0
2818,1.0
2819,0.0
2820,29.0
2821,0.0
2822,2.0
2823,15.0
2824,0.0
2825,0.0
2826,1.0
2827,0.0
2828,1.0
2829,0.0
2830,2.0
2831,1.0
2832,1.0
2833,0.0
2834,0.0
2835,1.0
2836,2.0
2837,1.0
2838,3.0
2839,0.0
2840,1.0
2841,2.0
2842,1.0
2843,0.0
2844,0.0
2845,0.0
2846,17.0
2847,0.0
2848,0.0
2849,1.0
2850,2.0
2851,1.0
2852,0.0
2853,36.0
2854,4.0
2855,19.0
2856,72.0
2857,37.0
2858,18.0
2859,1.0
2860,30.0
2861,0.0
2862,8.0
2863,0.0
2864,39.0
2865,127.0
2866,39.0
2867,94.0
2868,109.0
2869,81.0
2870,61.0
2871,40.0
2872,125.0
2873,79.0
2874,121.0
2875,39.0
2876,121.0
2877,13.0
2878,0.0
2879,1.0
2880,18.0
2881,20.0
2882,54.0
2883,19.0
2884,0.0
2885,12.0
2886,14.0
2887,21.0
2888,19.0
2889,14.0
2890,24.0
2891,2.0
2892,39.0
2893,23.0
2894,26.0
2895,4.0
2896,8.0
2897,24.0
2898,13.0
2899,12.0
2900,13.0
2901,23.0
2902,0.0
2903,2.0
2904,0.0
2905,0.0
2906,4.0
2907,23.0
2908,11.0
2909,3.0
2910,0.0
2911,114.0
2912,79.0
2913,1.0
2914,3.0
2915,20.0
2916,0.0
2917,0.0
2918,22.0
2919,1.0
2920,15.0
2921,3.0
2922,23.0
2923,0.0
2924,26.0
2925,8.0
2926,55.0
2927,0.0
2928,51.0
2929,21.0
2930,0.0
2931,89.0
2932,93.0
2933,5.0
2934,23.0
2935,19.0
2936,24.0
2937,24.0
2938,0.0
2939,55.0
2940,1.0
2941,0.0
2942,0.0
2943,0.0
2944,1.0
2945,3.0
2946,52.0
2947,0.0
2948,0.0
2949,0.0
2950,0.0
2951,0.0
2952,0.0
2953,33.0
2954,1.0
2955,0.0
2956,32.0
2957,0.0
2958,1.0
2959,0.0
2960,0.0
2961,0.0
2962,33.0
2963,0.0
2964,0.0
2965,0.0
2966,0.0
2967,0.0
2968,0.0
2969,0.0
2970,17.0
2971,41.0
2972,0.0
2973,24.0
2974,32.0
2975,0.0
2976,1.0
2977,20.0
2978,1.0
2979,0.0
2980,1.0
2981,0.0
2982,0.0
2983,2.0
2984,1.0
2985,0.0
2986,39.0
2987,0.0
2988,0.0
2989,0.0
2990,0.0
2991,0.0
2992,54.0
2993,0.0
2994,1.0
2995,1.0
2996,1.0
2997,0.0
2998,0.0
2999,1.0
3000,0.0
3001,0.0
3002,0.0
3003,0.0
3004,0.0
3005,0.0
3006,0.0
3007,0.0
3008,17.0
3009,2.0
3010,0.0
3011,2.0
3012,0.0
3013,1.0
3014,0.0
3015,0.0
3016,0.0
3017,0.0
3018,69.0
3019,2.0
3020,0.0
3021,1.0
3022,0.0
3023,62.0
3024,0.0
3025,61.0
3026,47.0
3027,0.0
3028,31.0
3029,68.0
3030,0.0
3031,66.0
3032,26.0
3033,61.0
3034,1.0
3035,0.0
3036,0.0
3037,1.0
3038,0.0
3039,0.0
3040,30.0
3041,1.0
3042,1.0
3043,1.0
3044,0.0
3045,0.0
3046,0.0
3047,0.0
3048,0.0
3049,0.0
3050,49.0
3051,47.0
3052,0.0
3053,0.0
3054,68.0
3055,1.0
3056,0.0
3057,0.0
3058,0.0
3059,1.0
3060,1.0
3061,1.0
3062,0.0
3063,0.0
3064,0.0
3065,0.0
3066,0.0
3067,0.0
3068,0.0
3069,0.0
3070,0.0
3071,0.0
3072,32.0
3073,0.0
3074,0.0
3075,0.0
3076,1.0
3077,1.0
3078,1.0
3079,1.0
3080,0.0
3081,2.0
3082,0.0
3083,6.0
3084,4.0
3085,2.0
3086,0.0
3087,0.0
3088,1.0
3089,0.0
3090,13.0
3091,13.0
3092,2.0
3093,2.0
3094,3.0
3095,4.0
3096,0.0
3097,1.0
3098,6.0
3099,0.0
3100,15.0
3101,6.0
3102,2.0
3103,19.0
3104,3.0
3105,3.0
3106,0.0
3107,4.0
3108,0.0
3109,0.0
3110,0.0
3111,1.0
3112,13.0
3113,0.0
3114,2.0
3115,4.0
3116,3.0
3117,6.0
3118,0.0
3119,0.0
3120,10.0
3121,15.0
3122,29.0
3123,4.0
3124,2.0
3125,0.0
3126,0.0
3127,3.0
3128,5.0
3129,0.0
3130,2.0
3131,68.0
3132,131.0
3133,3.0
3134,0.0
3135,1.0
3136,7.0
3137,43.0
3138,2.0
3139,18.0
3140,31.0
3141,18.0
3142,20.0
3143,1.0
3144,4.0
3145,0.0
3146,4.0
3147,2.0
3148,1.0
3149,26.0
3150,3.0
3151,0.0
3152,3.0
3153,0.0
3154,5.0
3155,6.0
3156,0.0
3157,72.0
3158,3.0
3159,72.0
3160,0.0
3161,25.0
3162,0.0
3163,0.0
3164,0.0
3165,0.0
3166,0.0
3167,20.0
3168,7.0
3169,21.0
3170,9.0
3171,8.0
3172,4.0
3173,6.0
3174,5.0
3175,11.0
3176,7.0
3177,0.0
3178,0.0
3179,1.0
3180,1.0
3181,0.0
3182,23.0
3183,0.0
3184,0.0
3185,21.0
3186,24.0
3187,0.0
3188,27.0
3189,27.0
3190,0.0
3191,4.0
3192,37.0
3193,25.0
3194,10.0
3195,7.0
3196,11.0
3197,22.0
3198,18.0
3199,0.0
3200,5.0
3201,0.0
3202,6.0
3203,4.0
3204,4.0
3205,1.0
3206,3.0
3207,5.0
3208,2.0
3209,0.0
3210,3.0
3211,3.0
3212,0.0
3213,2.0
3214,0.0
3215,0.0
3216,0.0
3217,0.0
3218,2.0
3219,2.0
3220,2.0
3221,0.0
3222,1.0
3223,0.0
3224,23.0
3225,0.0
3226,0.0
3227,0.0
3228,6.0
3229,0.0
3230,0.0
3231,0.0
3232,0.0
3233,0.0
3234,0.0
3235,0.0
3236,0.0
3237,0.0
3238,4.0
3239,5.0
3240,0.0
3241,0.0
3242,0.0
3243,1.0
3244,5.0
3245,0.0
3246,2.0
3247,25.0
3248,37.0
3249,29.0
3250,26.0
3251,1.0
3252,1.0
3253,0.0
3254,1.0
3255,2.0
3256,2.0
3257,3.0
3258,1.0
3259,2.0
3260,1.0
3261,1.0
3262,23.0
3263,2.0
3264,33.0
3265,1.0
3266,1.0
3267,1.0
3268,2.0
3269,1.0
3270,4.0
3271,3.0
3272,5.0
3273,67.0
3274,0.0
3275,2.0
3276,2.0
3277,2.0
3278,3.0
3279,4.0
3280,2.0
3281,1.0
3282,79.0
3283,16.0
3284,18.0
3285,17.0
3286,77.0
3287,2.0
3288,55.0
3289,0.0
3290,5.0
3291,34.0
3292,14.0
3293,19.0
3294,12.0
3295,9.0
3296,24.0
3297,71.0
3298,0.0
3299,437.0
3300,28.0
3301,17.0
3302,0.0
3303,37.0
3304,28.0
3305,18.0
3306,0.0
3307,12.0
3308,3.0
3309,25.0
3310,4.0
3311,3.0
3312,42.0
3313,15.0
3314,20.0
3315,4.0
3316,19.0
3317,18.0
3318,1.0
3319,62.0
3320,0.0
3321,72.0
3322,0.0
3323,23.0
3324,35.0
3325,0.0
3326,1.0
3327,13.0
3328,0.0
3329,25.0
3330,0.0
3331,36.0
3332,0.0
3333,22.0
3334,36.0
3335,0.0
3336,25.0
3337,3.0
3338,0.0
3339,15.0
3340,1.0
3341,19.0
3342,30.0
3343,44.0
3344,55.0
3345,60.0
3346,0.0
3347,18.0
3348,21.0
3349,34.0
3350,35.0
3351,17.0
3352,45.0
3353,28.0
3354,171.0
3355,33.0
3356,2.0
3357,83.0
3358,35.0
3359,36.0
3360,40.0
3361,32.0
3362,31.0
3363,33.0
3364,31.0
3365,0.0
3366,28.0
3367,14.0
3368,80.0
3369,21.0
3370,14.0
3371,11.0
3372,37.0
3373,0.0
3374,13.0
3375,169.0
3376,0.0
3377,1.0
3378,3.0
3379,11.0
3380,7.0
3381,3.0
3382,22.0
3383,21.0
3384,35.0
3385,3.0
3386,24.0
3387,5.0
3388,1.0
3389,1.0
3390,0.0
3391,1.0
3392,19.0
3393,19.0
3394,10.0
3395,25.0
3396,0.0
3397,0.0
3398,12.0
3399,1.0
3400,0.0
3401,0.0
3402,2.0
3403,3.0
3404,2.0
3405,23.0
3406,2.0
3407,0.0
3408,4.0
3409,0.0
3410,0.0
3411,0.0
3412,2.0
3413,33.0
3414,0.0
3415,0.0
3416,1.0
3417,3.0
3418,26.0
3419,37.0
3420,20.0
3421,2.0
3422,0.0
3423,9.0
3424,0.0
3425,0.0
3426,3.0
3427,4.0
3428,41.0
3429,1.0
3430,3.0
3431,6.0
3432,29.0
3433,31.0
3434,4.0
3435,1.0
3436,0.0
3437,4.0
3438,0.0
3439,1.0
3440,3.0
3441,30.0
3442,5.0
3443,0.0
3444,22.0
3445,0.0
3446,52.0
3447,0.0
3448,1.0
3449,3.0
3450,0.0
3451,0.0
3452,2.0
3453,1.0
3454,27.0
3455,0.0
3456,0.0
3457,5.0
3458,20.0
3459,4.0
3460,4.0
3461,0.0
3462,0.0
3463,0.0
3464,31.0
3465,12.0
3466,24.0
3467,4.0
3468,3.0
3469,2.0
3470,2.0
3471,145.0
3472,0.0
3473,0.0
3474,20.0
3475,0.0
3476,2.0
3477,0.0
3478,4.0
3479,51.0
3480,1.0
3481,51.0
3482,5.0
3483,21.0
3484,0.0
3485,8.0
3486,0.0
3487,36.0
3488,6.0
3489,0.0
3490,15.0
3491,14.0
3492,29.0
3493,22.0
3494,26.0
3495,41.0
3496,1.0
3497,57.0
3498,0.0
3499,48.0
3500,75.0
3501,28.0
3502,85.0
3503,0.0
3504,0.0
3505,1.0
3506,33.0
3507,26.0
3508,1.0
3509,40.0
3510,12.0
3511,4.0
3512,1.0
3513,35.0
3514,35.0
3515,30.0
3516,1.0
3517,29.0
3518,28.0
3519,1.0
3520,59.0
3521,19.0
3522,2.0
3523,29.0
3524,31.0
3525,28.0
3526,35.0
3527,14.0
3528,23.0
3529,28.0
3530,17.0
3531,0.0
3532,163.0
3533,14.0
3534,0.0
3535,3.0
3536,11.0
3537,13.0
3538,1.0
3539,16.0
3540,28.0
3541,28.0
3542,139.0
3543,22.0
3544,17.0
3545,35.0
3546,1.0
3547,23.0
3548,3.0
3549,33.0
3550,77.0
3551,31.0
3552,31.0
3553,34.0
3554,71.0
3555,0.0
3556,65.0
3557,1.0
3558,11.0
3559,0.0
3560,30.0
3561,23.0
3562,16.0
3563,38.0
3564,16.0
3565,0.0
3566,24.0
3567,1.0
3568,0.0
3569,0.0
3570,11.0
3571,1.0
3572,0.0
3573,0.0
3574,0.0
3575,37.0
3576,4.0
3577,0.0
3578,1.0
3579,0.0
3580,0.0
3581,24.0
3582,5.0
3583,0.0
3584,18.0
3585,15.0
3586,19.0
3587,4.0
3588,6.0
3589,6.0
3590,0.0
3591,62.0
3592,0.0
3593,28.0
3594,29.0
3595,3.0
3596,33.0
3597,0.0
3598,1.0
3599,21.0
3600,0.0
3601,2.0
3602,1.0
3603,1.0
3604,15.0
3605,62.0
3606,80.0
3607,88.0
3608,20.0
3609,4.0
3610,2.0
3611,0.0
3612,52.0
3613,3.0
3614,0.0
3615,4.0
3616,0.0
3617,49.0
3618,2.0
3619,2.0
3620,60.0
3621,23.0
3622,0.0
3623,39.0
3624,0.0
3625,36.0
3626,27.0
3627,84.0
3628,3.0
3629,1.0
3630,6.0
3631,125.0
3632,29.0
3633,29.0
3634,25.0
3635,8.0
3636,67.0
3637,3.0
3638,17.0
3639,88.0
3640,40.0
3641,35.0
3642,34.0
3643,28.0
3644,22.0
3645,122.0
3646,64.0
3647,59.0
3648,68.0
3649,148.0
3650,64.0
3651,208.0
3652,123.0
3653,112.0
3654,87.0
3655,55.0
3656,112.0
3657,150.0
3658,82.0
3659,180.0
3660,185.0
3661,27.0
3662,14.0
3663,6.0
3664,36.0
3665,22.0
3666,28.0
3667,13.0
3668,33.0
3669,35.0
3670,19.0
3671,28.0
3672,44.0
3673,24.0
3674,17.0
3675,76.0
3676,0.0
3677,15.0
3678,38.0
3679,37.0
3680,0.0
3681,35.0
3682,34.0
3683,1.0
3684,1.0
3685,2.0
3686,25.0
3687,18.0
3688,28.0
3689,8.0
3690,25.0
3691,23.0
3692,0.0
3693,28.0
3694,0.0
3695,19.0
3696,20.0
3697,185.0
3698,47.0
3699,108.0
3700,26.0
3701,71.0
3702,0.0
3703,14.0
3704,0.0
3705,139.0
3706,35.0
3707,15.0
3708,31.0
3709,31.0
3710,32.0
3711,32.0
3712,21.0
3713,28.0
3714,26.0
3715,23.0
3716,53.0
3717,32.0
3718,77.0
3719,27.0
3720,26.0
3721,51.0
3722,33.0
3723,59.0
3724,31.0
3725,198.0
3726,26.0
3727,32.0
3728,13.0
3729,25.0
3730,3.0
3731,2.0
3732,19.0
3733,34.0
3734,25.0
3735,1.0
3736,28.0
3737,5.0
3738,33.0
3739,19.0
3740,0.0
3741,0.0
3742,23.0
3743,32.0
3744,28.0
3745,22.0
3746,34.0
3747,14.0
3748,20.0
3749,20.0
3750,22.0
3751,27.0
3752,79.0
3753,85.0
3754,26.0
3755,27.0
3756,7.0
3757,1.0
3758,6.0
3759,21.0
3760,14.0
3761,16.0
3762,13.0
3763,16.0
3764,15.0
3765,9.0
3766,13.0
3767,0.0
3768,15.0
3769,7.0
3770,14.0
3771,0.0
3772,38.0
3773,14.0
3774,32.0
3775,217.0
3776,0.0
3777,0.0
3778,0.0
3779,19.0
3780,0.0
3781,21.0
3782,3.0
3783,12.0
3784,14.0
3785,21.0
3786,2.0
3787,25.0
3788,15.0
3789,24.0
3790,16.0
3791,21.0
3792,18.0
3793,38.0
3794,2.0
3795,57.0
3796,12.0
3797,13.0
3798,5.0
3799,22.0
3800,17.0
3801,23.0
3802,31.0
3803,19.0
3804,21.0
3805,24.0
3806,12.0
3807,22.0
3808,35.0
3809,29.0
3810,29.0
3811,0.0
3812,0.0
3813,0.0
3814,1.0
3815,0.0
3816,38.0
3817,36.0
3818,0.0
3819,0.0
3820,40.0
3821,11.0
3822,16.0
3823,20.0
3824,0.0
3825,15.0
3826,30.0
3827,0.0
3828,1.0
3829,1.0
3830,33.0
3831,0.0
3832,42.0
3833,5.0
3834,9.0
3835,29.0
3836,17.0
3837,0.0
3838,17.0
3839,1.0
3840,0.0
3841,42.0
3842,0.0
3843,35.0
3844,2.0
3845,25.0
3846,0.0
3847,39.0
3848,25.0
3849,1.0
3850,23.0
3851,4.0
3852,128.0
3853,3.0
3854,2.0
3855,0.0
3856,29.0
3857,19.0
3858,2.0
3859,40.0
3860,20.0
3861,38.0
3862,30.0
3863,23.0
3864,38.0
3865,44.0
3866,40.0
3867,0.0
3868,45.0
3869,40.0
3870,39.0
3871,62.0
3872,28.0
3873,0.0
3874,36.0
3875,41.0
3876,28.0
3877,27.0
3878,21.0
3879,21.0
3880,1.0
3881,29.0
3882,0.0
3883,35.0
3884,0.0
3885,1.0
3886,31.0
3887,24.0
3888,38.0
3889,38.0
3890,17.0
3891,29.0
3892,22.0
3893,12.0
3894,17.0
3895,95.0
3896,39.0
3897,35.0
3898,50.0
3899,110.0
3900,28.0
3901,22.0
3902,18.0
3903,5.0
3904,5.0
3905,18.0
3906,65.0
3907,23.0
3908,19.0
3909,29.0
3910,26.0
3911,28.0
3912,26.0
3913,0.0
3914,29.0
3915,27.0
3916,24.0
3917,54.0
3918,0.0
3919,21.0
3920,133.0
3921,26.0
3922,24.0
3923,18.0
3924,21.0
3925,24.0
3926,56.0
3927,20.0
3928,123.0
3929,57.0
3930,46.0
3931,110.0
3932,74.0
3933,97.0
3934,48.0
3935,73.0
3936,96.0
3937,85.0
3938,74.0
3939,79.0
3940,201.0
3941,64.0
3942,85.0
3943,68.0
3944,158.0
3945,68.0
3946,122.0
3947,111.0
3948,74.0
3949,135.0
3950,47.0
3951,84.0
3952,105.0
3953,61.0
3954,155.0
3955,0.0
3956,81.0
3957,126.0
3958,79.0
3959,170.0
3960,126.0
3961,131.0
3962,68.0
3963,195.0
3964,58.0
3965,51.0
3966,130.0
3967,99.0
3968,0.0
3969,1.0
3970,1.0
3971,12.0
3972,41.0
3973,2.0
3974,28.0
3975,0.0
3976,10.0
3977,31.0
3978,0.0
3979,76.0
3980,25.0
3981,2.0
3982,1.0
3983,32.0
3984,27.0
3985,28.0
3986,31.0
3987,0.0
3988,0.0
3989,1.0
3990,14.0
3991,0.0
3992,0.0
3993,0.0
3994,18.0
3995,23.0
3996,32.0
3997,0.0
3998,23.0
3999,33.0
4000,30.0
4001,33.0
4002,32.0
4003,29.0
4004,0.0
4005,29.0
4006,32.0
4007,8.0
4008,0.0
4009,16.0
4010,6.0
4011,6.0
4012,0.0
4013,0.0
4014,7.0
4015,53.0
4016,31.0
4017,4.0
4018,112.0
4019,273.0
4020,7.0
4021,30.0
4022,2.0
4023,10.0
4024,0.0
4025,28.0
4026,3.0
4027,28.0
4028,27.0
4029,0.0
4030,0.0
4031,0.0
4032,27.0
4033,29.0
4034,30.0
4035,90.0
4036,29.0
4037,34.0
4038,30.0
4039,16.0
4040,34.0
4041,5.0
4042,31.0
4043,31.0
4044,21.0
4045,22.0
4046,22.0
4047,25.0
4048,10.0
4049,34.0
4050,25.0
4051,28.0
4052,33.0
4053,34.0
4054,22.0
4055,29.0
4056,11.0
4057,67.0
4058,0.0
4059,25.0
4060,58.0
4061,0.0
4062,54.0
4063,78.0
4064,1.0
4065,68.0
4066,4.0
4067,25.0
4068,0.0
4069,0.0
4070,5.0
4071,3.0
4072,154.0
4073,0.0
4074,10.0
4075,0.0
4076,51.0
4077,1.0
4078,46.0
4079,14.0
4080,7.0
4081,0.0
4082,8.0
4083,14.0
4084,26.0
4085,17.0
4086,38.0
4087,6.0
4088,74.0
4089,0.0
4090,0.0
4091,85.0
4092,0.0
4093,0.0
4094,0.0
4095,0.0
4096,89.0
4097,0.0
4098,90.0
4099,0.0
4100,0.0
4101,0.0
4102,0.0
4103,0.0
4104,90.0
4105,85.0
4106,0.0
4107,0.0
4108,0.0
4109,0.0
4110,0.0
4111,0.0
4112,69.0
4113,0.0
4114,0.0
4115,0.0
4116,0.0
4117,0.0
4118,0.0
4119,91.0
4120,0.0
4121,53.0
4122,115.0
4123,57.0
4124,74.0
4125,67.0
4126,0.0
4127,0.0
4128,0.0
4129,0.0
4130,0.0
4131,0.0
4132,0.0
4133,0.0
4134,0.0
4135,0.0
4136,0.0
4137,0.0
4138,0.0
4139,0.0
4140,0.0
4141,0.0
4142,0.0
4143,0.0
4144,0.0
4145,0.0
4146,0.0
4147,0.0
4148,0.0
4149,0.0
4150,0.0
4151,0.0
4152,0.0
4153,115.0
4154,74.0
4155,78.0
4156,218.0
4157,85.0
4158,89.0
4159,139.0
4160,83.0
4161,86.0
4162,98.0
4163,74.0
4164,249.0
4165,162.0
4166,69.0
4167,69.0
4168,172.0
4169,156.0
4170,108.0
4171,111.0
4172,204.0
4173,111.0
4174,0.0
4175,0.0
4176,0.0
4177,0.0
4178,0.0
4179,0.0
4180,0.0
4181,85.0
4182,0.0
4183,0.0
4184,192.0
4185,0.0
4186,208.0
4187,0.0
4188,90.0
4189,0.0
4190,208.0
4191,103.0
4192,245.0
4193,0.0
4194,229.0
4195,0.0
4196,182.0
4197,84.0
4198,81.0
4199,78.0
4200,168.0
4201,0.0
4202,0.0
4203,0.0
4204,0.0
4205,0.0
4206,0.0
4207,119.0
4208,410.0
4209,266.0
4210,195.0
4211,0.0
4212,0.0
4213,112.0
4214,0.0
4215,0.0
4216,0.0
4217,0.0
4218,226.0
4219,562.0
4220,0.0
4221,95.0
4222,617.0
4223,120.0
4224,240.0
4225,270.0
4226,1.0
4227,476.0
4228,0.0
4229,190.0
4230,159.0
4231,452.0
4232,7.0
4233,172.0
4234,0.0
4235,80.0
4236,132.0
4237,440.0
4238,141.0
4239,230.0
4240,437.0
4241,153.0
4242,429.0
4243,120.0
4244,60.0
4245,426.0
4246,304.0
4247,76.0
4248,204.0
4249,113.0
4250,86.0
4251,107.0
4252,98.0
4253,65.0
4254,71.0
4255,116.0
4256,0.0
4257,0.0
4258,151.0
4259,203.0
4260,245.0
4261,206.0
4262,113.0
4263,213.0
4264,221.0
4265,0.0
4266,0.0
4267,103.0
4268,122.0
4269,111.0
4270,0.0
4271,0.0
4272,0.0
4273,0.0
4274,0.0
4275,0.0
4276,0.0
4277,232.0
4278,0.0
4279,0.0
4280,0.0
4281,0.0
4282,0.0
4283,0.0
4284,0.0
4285,0.0
4286,187.0
4287,84.0
4288,402.0
4289,583.0
4290,0.0
4291,338.0
4292,47.0
4293,171.0
4294,1.0
4295,47.0
4296,0.0
4297,49.0
4298,146.0
4299,2.0
4300,239.0
4301,3.0
4302,37.0
4303,109.0
4304,73.0
4305,2.0
4306,2.0
4307,112.0
4308,88.0
4309,82.0
4310,129.0
4311,312.0
4312,137.0
4313,59.0
4314,0.0
4315,193.0
4316,98.0
4317,80.0
4318,1.0
4319,33.0
4320,447.0
4321,307.0
4322,114.0
4323,0.0
4324,501.0
4325,283.0
4326,32.0
4327,4.0
4328,0.0
4329,0.0
4330,2.0
4331,150.0
4332,182.0
4333,49.0
4334,145.0
4335,0.0
4336,0.0
4337,0.0
4338,0.0
4339,98.0
4340,0.0
4341,43.0
4342,1.0
4343,19.0
4344,43.0
4345,105.0
4346,0.0
4347,0.0
4348,0.0
4349,0.0
4350,96.0
4351,20.0
4352,88.0
4353,0.0
4354,157.0
4355,0.0
4356,0.0
4357,0.0
4358,46.0
4359,1.0
4360,112.0
4361,0.0
4362,33.0
4363,4.0
4364,241.0
4365,27.0
4366,0.0
4367,78.0
4368,0.0
4369,1.0
4370,5.0
4371,0.0
4372,107.0
4373,81.0
4374,150.0
4375,65.0
4376,0.0
4377,0.0
4378,415.0
4379,131.0
4380,107.0
4381,0.0
4382,299.0
4383,96.0
4384,0.0
4385,0.0
4386,68.0
4387,0.0
4388,107.0
4389,141.0
4390,41.0
4391,0.0
4392,2.0
4393,7.0
4394,7.0
4395,0.0
4396,0.0
4397,0.0
4398,5.0
4399,101.0
4400,4.0
4401,24.0
4402,0.0
4403,0.0
4404,21.0
4405,52.0
4406,0.0
4407,22.0
4408,0.0
4409,0.0
4410,50.0
4411,70.0
4412,0.0
4413,0.0
4414,0.0
4415,0.0
4416,0.0
4417,0.0
4418,74.0
4419,40.0
4420,0.0
4421,0.0
4422,0.0
4423,0.0
4424,1.0
4425,2.0
4426,35.0
4427,2.0
4428,44.0
4429,0.0
4430,91.0
4431,0.0
4432,9.0
4433,25.0
4434,60.0
4435,24.0
4436,43.0
4437,0.0
4438,0.0
4439,0.0
4440,6.0
4441,0.0
4442,0.0
4443,0.0
4444,0.0
4445,84.0
4446,0.0
4447,10.0
4448,0.0
4449,0.0
4450,0.0
4451,0.0
4452,90.0
4453,0.0
4454,13.0
4455,59.0
4456,85.0
4457,0.0
4458,74.0
4459,91.0
4460,69.0
4461,23.0
4462,49.0
4463,0.0
4464,40.0
4465,0.0
4466,2.0
4467,135.0
4468,124.0
4469,0.0
4470,63.0
4471,25.0
4472,0.0
4473,34.0
4474,348.0
4475,0.0
4476,2.0
4477,49.0
4478,0.0
4479,0.0
4480,1.0
4481,79.0
4482,59.0
4483,56.0
4484,7.0
4485,9.0
4486,1.0
4487,74.0
4488,81.0
4489,0.0
4490,7.0
4491,188.0
4492,62.0
4493,0.0
4494,755.0
4495,7.0
4496,0.0
4497,67.0
4498,0.0
4499,0.0
4500,0.0
4501,0.0
4502,0.0
4503,0.0
4504,0.0
4505,0.0
4506,65.0
4507,0.0
4508,27.0
4509,41.0
4510,0.0
4511,6.0
4512,31.0
4513,43.0
4514,48.0
4515,0.0
4516,0.0
4517,8.0
4518,0.0
4519,0.0
4520,0.0
4521,1.0
4522,106.0
4523,0.0
4524,0.0
4525,0.0
4526,0.0
4527,0.0
4528,0.0
4529,0.0
4530,0.0
4531,0.0
4532,0.0
4533,0.0
4534,0.0
4535,0.0
4536,0.0
4537,53.0
4538,6.0
4539,130.0
4540,0.0
4541,0.0
4542,0.0
4543,0.0
4544,0.0
4545,0.0
4546,35.0
4547,0.0
4548,0.0
4549,37.0
4550,149.0
4551,44.0
4552,0.0
4553,238.0
4554,95.0
4555,49.0
4556,332.0
4557,1.0
4558,1.0
4559,126.0
4560,49.0
4561,0.0
4562,0.0
4563,63.0
4564,0.0
4565,0.0
4566,0.0
4567,174.0
4568,238.0
4569,15.0
4570,66.0
4571,0.0
4572,126.0
4573,2.0
4574,128.0
4575,0.0
4576,0.0
4577,3.0
4578,0.0
4579,45.0
4580,42.0
4581,0.0
4582,0.0
4583,0.0
4584,0.0
4585,44.0
4586,118.0
4587,81.0
4588,0.0
4589,136.0
4590,217.0
4591,14.0
4592,0.0
4593,5.0
4594,0.0
4595,0.0
4596,0.0
4597,1.0
4598,33.0
4599,0.0
4600,0.0
4601,66.0
4602,0.0
4603,6.0
4604,0.0
4605,3.0
4606,86.0
4607,63.0
4608,0.0
4609,86.0
4610,167.0
4611,0.0
4612,90.0
4613,0.0
4614,98.0
4615,103.0
4616,53.0
4617,95.0
4618,0.0
4619,26.0
4620,15.0
4621,81.0
4622,0.0
4623,58.0
4624,37.0
4625,252.0
4626,0.0
4627,86.0
4628,118.0
4629,348.0
4630,0.0
4631,0.0
4632,0.0
4633,0.0
4634,3.0
4635,1.0
4636,0.0
4637,0.0
4638,61.0
4639,133.0
4640,30.0
4641,24.0
4642,70.0
4643,118.0
4644,31.0
4645,106.0
4646,69.0
4647,0.0
4648,196.0
4649,116.0
4650,0.0
4651,51.0
4652,36.0
4653,224.0
4654,65.0
4655,55.0
4656,72.0
4657,63.0
4658,0.0
4659,218.0
4660,153.0
4661,307.0
4662,159.0
4663,241.0
4664,85.0
4665,0.0
4666,312.0
4667,158.0
4668,215.0
4669,0.0
4670,185.0
4671,83.0
4672,160.0
4673,34.0
4674,9.0
4675,34.0
4676,117.0
4677,39.0
4678,13.0
4679,32.0
4680,10.0
4681,44.0
4682,0.0
4683,261.0
4684,157.0
4685,115.0
4686,139.0
4687,0.0
4688,0.0
4689,0.0
4690,0.0
4691,0.0
4692,38.0
4693,0.0
4694,39.0
4695,85.0
4696,46.0
4697,89.0
4698,0.0
4699,7.0
4700,163.0
4701,1.0
4702,0.0
4703,0.0
4704,0.0
4705,0.0
4706,22.0
4707,34.0
4708,116.0
4709,112.0
4710,150.0
4711,250.0
4712,0.0
4713,449.0
4714,105.0
4715,12.0
4716,0.0
4717,143.0
4718,140.0
4719,0.0
4720,161.0
4721,444.0
4722,126.0
4723,208.0
4724,41.0
4725,0.0
4726,0.0
4727,0.0
4728,0.0
4729,0.0
4730,0.0
4731,0.0
4732,0.0
4733,0.0
4734,37.0
4735,0.0
4736,0.0
4737,0.0
4738,0.0
4739,0.0
4740,37.0
4741,0.0
4742,0.0
4743,0.0
4744,0.0
4745,0.0
4746,0.0
4747,0.0
4748,0.0
4749,109.0
4750,133.0
4751,0.0
4752,54.0
4753,0.0
4754,0.0
4755,0.0
4756,76.0
4757,0.0
4758,0.0
4759,0.0
4760,0.0
4761,0.0
4762,0.0
4763,0.0
4764,0.0
4765,0.0
4766,18.0
4767,0.0
4768,0.0
4769,0.0
4770,0.0
4771,0.0
4772,0.0
4773,0.0
4774,0.0
4775,0.0
4776,0.0
4777,0.0
4778,0.0
4779,0.0
4780,0.0
4781,0.0
4782,0.0
4783,0.0
4784,0.0
4785,0.0
4786,0.0
4787,0.0
4788,0.0
4789,0.0
4790,0.0
4791,0.0
4792,0.0
4793,0.0
4794,75.0
4795,0.0
4796,85.0
4797,0.0
4798,0.0
4799,0.0
4800,0.0
4801,0.0
4802,0.0
4803,76.0
4804,0.0
4805,0.0
4806,75.0
4807,0.0
4808,0.0
4809,0.0
4810,0.0
4811,0.0
4812,0.0
4813,0.0
4814,0.0
4815,0.0
4816,0.0
4817,0.0
4818,0.0
4819,0.0
4820,0.0
4821,0.0
4822,0.0
4823,0.0
4824,0.0
4825,78.0
4826,0.0
4827,0.0
4828,1.0
4829,1.0
4830,87.0
4831,21.0
4832,0.0
4833,0.0
4834,0.0
4835,0.0
4836,0.0
4837,0.0
4838,0.0
4839,0.0
4840,0.0
4841,150.0
4842,0.0
4843,0.0
4844,0.0
4845,0.0
4846,0.0
4847,0.0
4848,0.0
4849,0.0
4850,0.0
4851,0.0
4852,0.0
4853,0.0
4854,79.0
4855,0.0
4856,0.0
4857,0.0
4858,0.0
4859,0.0
4860,0.0
4861,0.0
4862,116.0
4863,0.0
4864,0.0
4865,0.0
4866,0.0
4867,0.0
4868,0.0
4869,0.0
4870,0.0
4871,0.0
4872,0.0
4873,0.0
4874,129.0
4875,0.0
4876,15.0
4877,239.0
4878,0.0
4879,149.0
4880,132.0
4881,125.0
4882,0.0
4883,0.0
4884,3.0
4885,253.0
4886,6.0
4887,166.0
4888,262.0
4889,1.0
4890,268.0
4891,135.0
4892,4.0
4893,93.0
4894,0.0
4895,148.0
4896,359.0
4897,2.0
4898,0.0
4899,15.0
4900,247.0
4901,7.0
4902,149.0
4903,0.0
4904,281.0
4905,3.0
4906,1.0
4907,9.0
4908,69.0
4909,138.0
4910,0.0
4911,7.0
4912,130.0
4913,2.0
4914,0.0
4915,159.0
4916,259.0
4917,1.0
4918,152.0
4919,0.0
4920,345.0
4921,0.0
4922,0.0
4923,1.0
4924,256.0
4925,150.0
4926,449.0
4927,601.0
4928,230.0
4929,158.0
4930,0.0
4931,185.0
4932,103.0
4933,112.0
4934,197.0
4935,163.0
4936,195.0
4937,69.0
4938,115.0
4939,6.0
4940,181.0
4941,1.0
4942,0.0
4943,0.0
4944,0.0
4945,1.0
4946,540.0
4947,83.0
4948,2.0
4949,24.0
4950,179.0
4951,0.0
4952,1.0
4953,0.0
4954,1.0
4955,2.0
4956,0.0
4957,0.0
4958,162.0
4959,96.0
4960,0.0
4961,98.0
4962,9.0
4963,187.0
4964,128.0
4965,66.0
4966,2.0
4967,1.0
4968,0.0
4969,191.0
4970,116.0
4971,231.0
4972,1.0
4973,1.0
4974,173.0
4975,5.0
4976,132.0
4977,0.0
4978,0.0
4979,146.0
4980,134.0
4981,0.0
4982,215.0
4983,11.0
4984,188.0
4985,86.0
4986,151.0
4987,4.0
4988,20.0
4989,158.0
4990,101.0
4991,0.0
4992,0.0
4993,1.0
4994,39.0
4995,187.0
4996,103.0
4997,95.0
4998,305.0
4999,315.0
5000,0.0
5001,97.0
5002,110.0
5003,5.0
5004,140.0
5005,254.0
5006,20.0
5007,124.0
5008,110.0
5009,27.0
5010,431.0
5011,202.0
5012,159.0
5013,1.0
5014,0.0
5015,139.0
5016,0.0
5017,88.0
5018,491.0
5019,2.0
5020,0.0
5021,124.0
5022,7.0
5023,0.0
5024,262.0
5025,0.0
5026,135.0
5027,133.0
5028,0.0
5029,102.0
5030,0.0
5031,52.0
5032,0.0
5033,0.0
5034,0.0
5035,189.0
5036,5.0
5037,6.0
5038,149.0
5039,723.0
5040,230.0
5041,138.0
5042,1.0
5043,0.0
5044,0.0
5045,0.0
5046,52.0
5047,0.0
5048,278.0
5049,6.0
5050,0.0
5051,35.0
5052,69.0
5053,46.0
5054,0.0
5055,2.0
5056,62.0
5057,26.0
5058,4.0
5059,1.0
5060,1.0
5061,0.0
5062,49.0
5063,34.0
5064,110.0
5065,611.0
5066,98.0
5067,26.0
5068,56.0
5069,0.0
5070,280.0
5071,0.0
5072,0.0
5073,0.0
5074,232.0
5075,1.0
5076,4.0
5077,0.0
5078,5.0
5079,0.0
5080,2.0
5081,1.0
5082,112.0
5083,0.0
5084,0.0
5085,0.0
5086,90.0
5087,3.0
5088,5.0
5089,90.0
5090,35.0
5091,12.0
5092,1.0
5093,14.0
5094,41.0
5095,0.0
5096,0.0
5097,0.0
5098,2.0
5099,0.0
5100,0.0
5101,0.0
5102,3.0
5103,0.0
5104,2.0
5105,145.0
5106,4.0
5107,114.0
5108,19.0
5109,0.0
5110,0.0
5111,2.0
5112,183.0
5113,1.0
5114,0.0
5115,163.0
5116,190.0
5117,120.0
5118,663.0
5119,87.0
5120,108.0
5121,112.0
5122,497.0
5123,7.0
5124,7.0
5125,669.0
5126,367.0
5127,147.0
5128,17.0
5129,115.0
5130,230.0
5131,293.0
5132,399.0
5133,137.0
5134,11.0
5135,28.0
5136,184.0
5137,0.0
5138,0.0
5139,139.0
5140,45.0
5141,7.0
5142,8.0
5143,13.0
5144,9.0
5145,4.0
5146,11.0
5147,17.0
5148,5.0
5149,8.0
5150,4.0
5151,8.0
5152,8.0
5153,11.0
5154,4.0
5155,10.0
5156,0.0
5157,0.0
5158,0.0
5159,0.0
5160,0.0
5161,0.0
5162,18.0
5163,8.0
5164,3.0
5165,43.0
5166,0.0
5167,0.0
5168,44.0
5169,0.0
5170,92.0
5171,97.0
5172,0.0
5173,277.0
5174,3.0
5175,130.0
5176,5.0
5177,0.0
5178,0.0
5179,31.0
5180,5.0
5181,0.0
5182,209.0
5183,126.0
5184,652.0
5185,0.0
5186,0.0
5187,0.0
5188,0.0
5189,491.0
5190,0.0
5191,0.0
5192,0.0
5193,105.0
5194,0.0
5195,0.0
5196,0.0
5197,83.0
5198,0.0
5199,105.0
5200,7.0
5201,58.0
5202,8.0
5203,3.0
5204,178.0
5205,73.0
5206,2.0
5207,27.0
5208,34.0
5209,0.0
5210,0.0
5211,154.0
5212,172.0
5213,2.0
5214,278.0
5215,0.0
5216,91.0
5217,159.0
5218,3.0
5219,0.0
5220,0.0
5221,18.0
5222,211.0
5223,45.0
5224,0.0
5225,72.0
5226,0.0
5227,189.0
5228,5.0
5229,6.0
5230,184.0
5231,4.0
5232,81.0
5233,0.0
5234,181.0
5235,715.0
5236,175.0
5237,137.0
5238,0.0
5239,222.0
5240,1.0
5241,2.0
5242,1.0
5243,77.0
5244,227.0
5245,50.0
5246,1.0
5247,43.0
5248,419.0
5249,142.0
5250,164.0
5251,283.0
5252,0.0
5253,178.0
5254,159.0
5255,0.0
5256,0.0
5257,169.0
5258,23.0
5259,222.0
5260,207.0
5261,334.0
5262,6.0
5263,331.0
5264,355.0
5265,99.0
5266,831.0
5267,2.0
5268,95.0
5269,1.0
5270,0.0
5271,129.0
5272,0.0
5273,129.0
5274,201.0
5275,0.0
5276,0.0
5277,0.0
5278,0.0
5279,339.0
5280,5.0
5281,0.0
5282,0.0
5283,2.0
5284,0.0
5285,100.0
5286,2.0
5287,3.0
5288,0.0
5289,190.0
5290,107.0
5291,0.0
5292,26.0
5293,0.0
5294,155.0
5295,228.0
5296,210.0
5297,146.0
5298,0.0
5299,0.0
5300,195.0
5301,62.0
5302,62.0
5303,140.0
5304,0.0
5305,195.0
5306,73.0
5307,84.0
5308,0.0
5309,1.0
5310,0.0
5311,0.0
5312,416.0
5313,127.0
5314,171.0
5315,77.0
5316,0.0
5317,0.0
5318,535.0
5319,176.0
5320,193.0
5321,399.0
5322,187.0
5323,194.0
5324,185.0
5325,276.0
5326,0.0
5327,0.0
5328,7.0
5329,189.0
5330,634.0
5331,0.0
5332,189.0
5333,87.0
5334,2.0
5335,286.0
5336,79.0
5337,132.0
5338,0.0
5339,187.0
5340,449.0
5341,0.0
5342,0.0
5343,141.0
5344,152.0
5345,254.0
5346,203.0
5347,195.0
5348,449.0
5349,493.0
5350,9.0
5351,4.0
5352,142.0
5353,6.0
5354,55.0
5355,0.0
5356,260.0
5357,157.0
5358,271.0
5359,0.0
5360,204.0
5361,157.0
5362,100.0
5363,0.0
5364,187.0
5365,0.0
5366,99.0
5367,187.0
5368,0.0
5369,0.0
5370,155.0
5371,598.0
5372,102.0
5373,248.0
5374,227.0
5375,768.0
5376,230.0
5377,267.0
5378,0.0
5379,0.0
5380,161.0
5381,0.0
5382,0.0
5383,175.0
5384,167.0
5385,0.0
5386,0.0
5387,102.0
5388,320.0
5389,92.0
5390,715.0
5391,0.0
5392,0.0
5393,0.0
5394,126.0
5395,127.0
5396,0.0
5397,0.0
5398,229.0
5399,0.0
5400,0.0
5401,0.0
5402,0.0
5403,0.0
5404,0.0
5405,0.0
5406,0.0
5407,0.0
5408,0.0
5409,82.0
5410,115.0
5411,139.0
5412,262.0
5413,69.0
5414,75.0
5415,90.0
5416,3.0
5417,1.0
5418,2.0
5419,1.0
5420,0.0
5421,2.0
5422,0.0
5423,1.0
5424,4.0
5425,2.0
5426,0.0
5427,1.0
5428,0.0
5429,0.0
5430,0.0
5431,0.0
5432,6.0
5433,0.0
5434,0.0
5435,2.0
5436,3.0
5437,3.0
5438,133.0
5439,0.0
5440,1.0
5441,1.0
5442,0.0
5443,0.0
5444,0.0
5445,5.0
5446,0.0
5447,0.0
5448,1.0
5449,0.0
5450,0.0
5451,1.0
5452,3.0
5453,1.0
5454,3.0
5455,4.0
5456,0.0
5457,2.0
5458,1.0
5459,1.0
5460,1.0
5461,1.0
5462,0.0
5463,0.0
5464,1.0
5465,0.0
5466,0.0
5467,1.0
5468,0.0
5469,0.0
5470,0.0
5471,0.0
5472,0.0
5473,0.0
5474,0.0
5475,0.0
5476,0.0
5477,0.0
5478,0.0
5479,1.0
5480,1.0
5481,0.0
5482,0.0
5483,1.0
5484,0.0
5485,0.0
5486,1.0
5487,0.0
5488,0.0
5489,65.0
5490,0.0
5491,109.0
5492,4.0
5493,97.0
5494,1.0
5495,1.0
5496,0.0
5497,0.0
5498,0.0
5499,0.0
5500,0.0
5501,0.0
5502,2.0
5503,2.0
5504,0.0
5505,1.0
5506,0.0
5507,0.0
5508,1.0
5509,0.0
5510,0.0
5511,0.0
5512,1.0
5513,1.0
5514,2.0
5515,0.0
5516,1.0
5517,0.0
5518,0.0
5519,0.0
5520,0.0
5521,83.0
5522,0.0
5523,0.0
5524,0.0
5525,0.0
5526,0.0
5527,1.0
5528,0.0
5529,0.0
5530,0.0
5531,0.0
5532,0.0
5533,0.0
5534,1.0
5535,0.0
5536,0.0
5537,2.0
5538,0.0
5539,0.0
5540,0.0
5541,0.0
5542,0.0
5543,0.0
5544,0.0
5545,0.0
5546,0.0
5547,0.0
5548,0.0
5549,0.0
5550,1.0
5551,0.0
5552,0.0
5553,2.0
5554,1.0
5555,0.0
5556,0.0
5557,1.0
5558,0.0
5559,1.0
5560,1.0
5561,0.0
5562,1.0
5563,0.0
5564,1.0
5565,0.0
5566,0.0
5567,1.0
5568,0.0
5569,0.0
5570,1.0
5571,1.0
5572,1.0
5573,0.0
5574,1.0
5575,1.0
5576,1.0
5577,1.0
5578,0.0
5579,1.0
5580,0.0
5581,0.0
5582,0.0
5583,0.0
5584,2.0
5585,2.0
5586,0.0
5587,0.0
5588,0.0
5589,2.0
5590,0.0
5591,0.0
5592,0.0
5593,0.0
5594,1.0
5595,0.0
5596,0.0
5597,0.0
5598,0.0
5599,1.0
5600,0.0
5601,0.0
5602,0.0
5603,0.0
5604,0.0
5605,0.0
5606,1.0
5607,0.0
5608,1.0
5609,1.0
5610,0.0
5611,0.0
5612,0.0
5613,0.0
5614,0.0
5615,2.0
5616,0.0
5617,0.0
5618,1.0
5619,0.0
5620,1.0
5621,0.0
5622,0.0
5623,0.0
5624,2.0
5625,0.0
5626,0.0
5627,0.0
5628,0.0
5629,0.0
5630,0.0
5631,0.0
5632,0.0
5633,0.0
5634,0.0
5635,0.0
5636,0.0
5637,0.0
5638,0.0
5639,0.0
5640,0.0
5641,1.0
5642,0.0
5643,0.0
5644,0.0
5645,0.0
5646,0.0
5647,0.0
5648,0.0
5649,0.0
5650,0.0
5651,0.0
5652,1.0
5653,0.0
5654,0.0
5655,0.0
5656,0.0
5657,0.0
5658,0.0
5659,0.0
5660,0.0
5661,0.0
5662,0.0
5663,0.0
5664,0.0
5665,1.0
5666,0.0
5667,0.0
5668,1.0
5669,0.0
5670,1.0
5671,2.0
5672,2.0
5673,0.0
5674,1.0
5675,1.0
5676,398.0
5677,75.0
5678,139.0
5679,0.0
5680,1.0
5681,0.0
5682,1.0
5683,0.0
5684,0.0
5685,0.0
5686,1.0
5687,1.0
5688,2.0
5689,0.0
5690,0.0
5691,1.0
5692,2.0
5693,0.0
5694,1.0
5695,1.0
5696,0.0
5697,0.0
5698,1.0
5699,0.0
5700,0.0
5701,1.0
5702,0.0
5703,0.0
5704,0.0
5705,0.0
5706,0.0
5707,0.0
5708,0.0
5709,0.0
5710,0.0
5711,1.0
5712,0.0
5713,0.0
5714,1.0
5715,0.0
5716,0.0
5717,0.0
5718,0.0
5719,0.0
5720,0.0
5721,0.0
5722,0.0
5723,0.0
5724,0.0
5725,0.0
5726,0.0
5727,0.0
5728,0.0
5729,0.0
5730,0.0
5731,0.0
5732,0.0
5733,0.0
5734,0.0
5735,0.0
5736,0.0
5737,0.0
5738,0.0
5739,0.0
5740,0.0
5741,0.0
5742,1.0
5743,0.0
5744,0.0
5745,1.0
5746,0.0
5747,0.0
5748,0.0
5749,0.0
5750,0.0
5751,0.0
5752,0.0
5753,0.0
5754,0.0
5755,0.0
5756,0.0
5757,0.0
5758,0.0
5759,0.0
5760,0.0
5761,0.0
5762,0.0
5763,2.0
5764,0.0
5765,0.0
5766,0.0
5767,1.0
5768,0.0
5769,0.0
5770,0.0
5771,0.0
5772,0.0
5773,0.0
5774,1.0
5775,0.0
5776,0.0
5777,0.0
5778,0.0
5779,0.0
5780,0.0
5781,0.0
5782,0.0
5783,2.0
5784,0.0
5785,0.0
5786,0.0
5787,0.0
5788,0.0
5789,0.0
5790,1.0
5791,0.0
5792,0.0
5793,0.0
5794,0.0
5795,0.0
5796,0.0
5797,0.0
5798,0.0
5799,0.0
5800,0.0
5801,0.0
5802,0.0
5803,0.0
5804,0.0
5805,0.0
5806,0.0
5807,0.0
5808,0.0
5809,1.0
5810,0.0
5811,0.0
5812,0.0
5813,0.0
5814,0.0
5815,1.0
5816,0.0
5817,0.0
5818,1.0
5819,0.0
5820,1.0
5821,0.0
5822,1.0
5823,2.0
5824,0.0
5825,0.0
5826,0.0
5827,0.0
5828,0.0
5829,1.0
5830,117.0
5831,6.0
5832,130.0
5833,79.0
5834,3.0
5835,1.0
5836,0.0
5837,0.0
5838,126.0
5839,1.0
5840,23.0
5841,1.0
5842,16.0
5843,0.0
5844,2.0
5845,0.0
5846,0.0
5847,0.0
5848,0.0
5849,0.0
5850,0.0
5851,124.0
5852,62.0
5853,51.0
5854,0.0
5855,0.0
5856,0.0
5857,1.0
5858,0.0
5859,0.0
5860,0.0
5861,0.0
5862,0.0
5863,0.0
5864,0.0
5865,0.0
5866,0.0
5867,0.0
5868,0.0
5869,0.0
5870,0.0
5871,1.0
5872,0.0
5873,0.0
5874,0.0
5875,0.0
5876,0.0
5877,1.0
5878,0.0
5879,0.0
5880,0.0
5881,2.0
5882,0.0
5883,0.0
5884,0.0
5885,0.0
5886,0.0
5887,0.0
5888,0.0
5889,15.0
5890,0.0
5891,1.0
5892,0.0
5893,0.0
5894,0.0
5895,0.0
5896,0.0
5897,0.0
5898,0.0
5899,0.0
5900,0.0
5901,0.0
5902,0.0
5903,0.0
5904,0.0
5905,1.0
5906,0.0
5907,0.0
5908,2.0
5909,0.0
5910,0.0
5911,0.0
5912,128.0
5913,0.0
5914,0.0
5915,0.0
5916,0.0
5917,0.0
5918,0.0
5919,0.0
5920,0.0
5921,0.0
5922,0.0
5923,0.0
5924,0.0
5925,0.0
5926,0.0
5927,0.0
5928,0.0
5929,0.0
5930,0.0
5931,0.0
5932,0.0
5933,0.0
5934,88.0
5935,0.0
5936,0.0
5937,31.0
5938,0.0
5939,74.0
5940,234.0
5941,2.0
5942,35.0
5943,90.0
5944,125.0
5945,0.0
5946,0.0
5947,0.0
5948,2.0
5949,0.0
5950,0.0
5951,0.0
5952,2.0
5953,1.0
5954,0.0
5955,1.0
5956,0.0
5957,0.0
5958,0.0
5959,0.0
5960,91.0
5961,32.0
5962,0.0
5963,7.0
5964,0.0
5965,0.0
5966,0.0
5967,0.0
5968,0.0
5969,0.0
5970,0.0
5971,0.0
5972,1.0
5973,0.0
5974,0.0
5975,0.0
5976,0.0
5977,0.0
5978,0.0
5979,0.0
5980,0.0
5981,0.0
5982,0.0
5983,0.0
5984,2.0
5985,0.0
5986,0.0
5987,0.0
5988,0.0
5989,0.0
5990,0.0
5991,0.0
5992,0.0
5993,119.0
5994,0.0
5995,0.0
5996,0.0
5997,0.0
5998,0.0
5999,168.0
6000,0.0
6001,3.0
6002,0.0
6003,0.0
6004,0.0
6005,0.0
6006,2.0
6007,0.0
6008,0.0
6009,0.0
6010,0.0
6011,0.0
6012,0.0
6013,0.0
6014,0.0
6015,0.0
6016,0.0
6017,0.0
6018,0.0
6019,0.0
6020,0.0
6021,0.0
6022,0.0
6023,35.0
6024,0.0
6025,0.0
6026,0.0
6027,7.0
6028,0.0
6029,0.0
6030,0.0
6031,0.0
6032,0.0
6033,0.0
6034,0.0
6035,0.0
6036,0.0
6037,15.0
6038,0.0
6039,0.0
6040,0.0
6041,0.0
6042,0.0
6043,0.0
6044,0.0
6045,50.0
6046,62.0
6047,138.0
6048,0.0
6049,0.0
6050,0.0
6051,0.0
6052,23.0
6053,0.0
6054,76.0
6055,0.0
6056,28.0
6057,135.0
6058,0.0
6059,0.0
6060,0.0
6061,2.0
6062,0.0
6063,0.0
6064,0.0
6065,0.0
6066,113.0
6067,78.0
6068,0.0
6069,0.0
6070,62.0
6071,20.0
6072,0.0
6073,0.0
6074,0.0
6075,0.0
6076,0.0
6077,0.0
6078,0.0
6079,0.0
6080,0.0
6081,0.0
6082,0.0
6083,0.0
6084,0.0
6085,0.0
6086,0.0
6087,0.0
6088,1.0
6089,0.0
6090,0.0
6091,0.0
6092,0.0
6093,0.0
6094,0.0
6095,0.0
6096,0.0
6097,0.0
6098,0.0
6099,0.0
6100,0.0
6101,0.0
6102,0.0
6103,0.0
6104,0.0
6105,0.0
6106,0.0
6107,0.0
6108,0.0
6109,0.0
6110,14.0
6111,69.0
6112,0.0
6113,68.0
6114,0.0
6115,131.0
6116,40.0
6117,110.0
6118,73.0
6119,3.0
6120,100.0
6121,12.0
6122,0.0
6123,0.0
6124,0.0
6125,0.0
6126,0.0
6127,0.0
6128,0.0
6129,0.0
6130,0.0
6131,0.0
6132,136.0
6133,0.0
6134,73.0
6135,219.0
6136,0.0
6137,0.0
6138,0.0
6139,8.0
6140,154.0
6141,0.0
6142,190.0
6143,68.0
6144,87.0
6145,122.0
6146,414.0
6147,223.0
6148,0.0
6149,73.0
6150,0.0
6151,0.0
6152,0.0
6153,0.0
6154,0.0
6155,0.0
6156,0.0
6157,0.0
6158,0.0
6159,0.0
6160,0.0
6161,0.0
6162,0.0
6163,0.0
6164,0.0
6165,0.0
6166,0.0
6167,0.0
6168,0.0
6169,0.0
6170,0.0
6171,0.0
6172,0.0
6173,122.0
6174,91.0
6175,0.0
6176,0.0
6177,0.0
6178,0.0
6179,0.0
6180,0.0
6181,0.0
6182,0.0
6183,166.0
6184,137.0
6185,107.0
6186,0.0
6187,0.0
6188,65.0
6189,0.0
6190,0.0
6191,0.0
6192,0.0
6193,0.0
6194,0.0
6195,0.0
6196,0.0
6197,0.0
6198,12.0
6199,0.0
6200,0.0
6201,0.0
6202,0.0
6203,0.0
6204,0.0
6205,0.0
6206,60.0
6207,1.0
6208,151.0
6209,300.0
6210,189.0
6211,307.0
6212,366.0
6213,304.0
6214,189.0
6215,343.0
6216,191.0
6217,424.0
6218,243.0
6219,187.0
6220,182.0
6221,276.0
6222,190.0
6223,223.0
6224,326.0
6225,388.0
6226,302.0
6227,306.0
6228,249.0
6229,190.0
6230,192.0
6231,302.0
6232,185.0
6233,525.0
6234,347.0
6235,185.0
6236,185.0
6237,388.0
6238,162.0
6239,190.0
6240,0.0
6241,0.0
6242,0.0
6243,0.0
6244,0.0
6245,0.0
6246,0.0
6247,0.0
6248,18.0
6249,3.0
6250,57.0
6251,147.0
6252,0.0
6253,0.0
6254,0.0
6255,37.0
6256,0.0
6257,0.0
6258,0.0
6259,0.0
6260,15.0
6261,0.0
6262,0.0
6263,0.0
6264,0.0
6265,0.0
6266,0.0
6267,77.0
6268,60.0
6269,0.0
6270,59.0
6271,0.0
6272,63.0
6273,56.0
6274,75.0
6275,92.0
6276,92.0
6277,0.0
6278,0.0
6279,0.0
6280,0.0
6281,71.0
6282,116.0
6283,0.0
6284,45.0
6285,2.0
6286,84.0
6287,70.0
6288,184.0
6289,0.0
6290,121.0
6291,172.0
6292,104.0
6293,0.0
6294,36.0
6295,0.0
6296,0.0
6297,0.0
6298,0.0
6299,0.0
6300,233.0
6301,0.0
6302,0.0
6303,0.0
6304,0.0
6305,0.0
6306,0.0
6307,0.0
6308,0.0
6309,54.0
6310,54.0
6311,0.0
6312,76.0
6313,0.0
6314,93.0
6315,109.0
6316,0.0
6317,0.0
6318,0.0
6319,0.0
6320,0.0
6321,0.0
6322,17.0
6323,15.0
6324,0.0
6325,0.0
6326,0.0
6327,74.0
6328,0.0
6329,2.0
6330,46.0
6331,0.0
6332,188.0
6333,129.0
6334,357.0
6335,167.0
6336,187.0
6337,184.0
6338,375.0
6339,186.0
6340,193.0
6341,403.0
6342,224.0
6343,158.0
6344,188.0
6345,182.0
6346,186.0
6347,182.0
6348,176.0
6349,186.0
6350,186.0
6351,0.0
6352,0.0
6353,0.0
6354,0.0
6355,0.0
6356,0.0
6357,0.0
6358,0.0
6359,0.0
6360,0.0
6361,0.0
6362,0.0
6363,0.0
6364,0.0
6365,0.0
6366,0.0
6367,0.0
6368,0.0
6369,0.0
6370,0.0
6371,0.0
6372,184.0
6373,178.0
6374,187.0
6375,0.0
6376,157.0
6377,164.0
6378,0.0
6379,117.0
6380,224.0
6381,389.0
6382,0.0
6383,0.0
6384,0.0
6385,187.0
6386,189.0
6387,0.0
6388,0.0
6389,0.0
6390,0.0
6391,0.0
6392,186.0
6393,179.0
6394,315.0
6395,231.0
6396,186.0
6397,401.0
6398,186.0
6399,554.0
6400,185.0
6401,402.0
6402,355.0
6403,147.0
6404,394.0
6405,134.0
6406,410.0
6407,0.0
6408,0.0
6409,0.0
6410,174.0
6411,174.0
6412,0.0
6413,221.0
6414,0.0
6415,0.0
6416,0.0
6417,0.0
6418,0.0
6419,176.0
6420,0.0
6421,0.0
6422,201.0
6423,170.0
6424,0.0
6425,0.0
6426,219.0
6427,221.0
6428,0.0
6429,174.0
6430,0.0
6431,0.0
6432,176.0
6433,174.0
6434,147.0
6435,0.0
6436,0.0
6437,472.0
6438,289.0
6439,376.0
6440,0.0
6441,0.0
6442,0.0
6443,0.0
6444,0.0
6445,0.0
6446,0.0
6447,0.0
6448,0.0
6449,0.0
6450,0.0
6451,0.0
6452,0.0
6453,0.0
6454,0.0
6455,0.0
6456,0.0
6457,0.0
6458,0.0
6459,0.0
6460,0.0
6461,0.0
6462,0.0
6463,0.0
6464,0.0
6465,0.0
6466,0.0
6467,0.0
6468,0.0
6469,0.0
6470,176.0
6471,184.0
6472,167.0
6473,0.0
6474,0.0
6475,0.0
6476,0.0
6477,0.0
6478,0.0
6479,0.0
6480,0.0
6481,0.0
6482,0.0
6483,0.0
6484,0.0
6485,0.0
6486,0.0
6487,0.0
6488,0.0
6489,0.0
6490,0.0
6491,0.0
6492,0.0
6493,85.0
6494,99.0
6495,0.0
6496,0.0
6497,121.0
6498,0.0
6499,1.0
6500,85.0
6501,0.0
6502,2.0
6503,3.0
6504,56.0
6505,77.0
6506,68.0
6507,159.0
6508,159.0
6509,164.0
6510,350.0
6511,299.0
6512,242.0
6513,0.0
6514,107.0
6515,0.0
6516,162.0
6517,120.0
6518,121.0
6519,121.0
6520,235.0
6521,162.0
6522,166.0
6523,166.0
6524,163.0
6525,50.0
6526,81.0
6527,0.0
6528,168.0
6529,0.0
6530,1.0
6531,67.0
6532,196.0
6533,64.0
6534,309.0
6535,23.0
6536,27.0
6537,288.0
6538,7.0
6539,3.0
6540,44.0
6541,81.0
6542,60.0
6543,54.0
6544,0.0
6545,23.0
6546,63.0
6547,87.0
6548,79.0
6549,59.0
6550,59.0
6551,62.0
6552,89.0
6553,61.0
6554,150.0
6555,58.0
6556,0.0
6557,130.0
6558,4.0
6559,24.0
6560,82.0
6561,57.0
6562,1.0
6563,3.0
6564,0.0
6565,1.0
6566,88.0
6567,94.0
6568,0.0
6569,0.0
6570,0.0
6571,0.0
6572,104.0
6573,57.0
6574,148.0
6575,103.0
6576,499.0
6577,291.0
6578,66.0
6579,57.0
6580,3.0
6581,2.0
6582,0.0
6583,0.0
6584,8.0
6585,109.0
6586,91.0
6587,0.0
6588,95.0
6589,0.0
6590,0.0
6591,105.0
6592,0.0
6593,136.0
6594,0.0
6595,0.0
6596,79.0
6597,0.0
6598,0.0
6599,0.0
6600,76.0
6601,0.0
6602,87.0
6603,0.0
6604,41.0
6605,0.0
6606,0.0
6607,0.0
6608,63.0
6609,9.0
6610,0.0
6611,0.0
6612,0.0
6613,0.0
6614,35.0
6615,0.0
6616,0.0
6617,1.0
6618,114.0
6619,0.0
6620,1.0
6621,1.0
6622,1.0
6623,1.0
6624,97.0
6625,56.0
6626,50.0
6627,26.0
6628,23.0
6629,0.0
6630,101.0
6631,0.0
6632,0.0
6633,0.0
6634,0.0
6635,176.0
6636,167.0
6637,0.0
6638,2.0
6639,1.0
6640,0.0
6641,0.0
6642,0.0
6643,122.0
6644,4.0
6645,4.0
6646,71.0
6647,0.0
6648,0.0
6649,98.0
6650,4.0
6651,1.0
6652,2.0
6653,1.0
6654,83.0
6655,2.0
6656,0.0
6657,0.0
6658,1.0
6659,1.0
6660,0.0
6661,0.0
6662,0.0
6663,0.0
6664,1.0
6665,0.0
6666,0.0
6667,0.0
6668,0.0
6669,0.0
6670,2.0
6671,0.0
6672,0.0
6673,0.0
6674,30.0
6675,334.0
6676,0.0
6677,0.0
6678,0.0
6679,0.0
6680,0.0
6681,0.0
6682,0.0
6683,0.0
6684,0.0
6685,1.0
6686,0.0
6687,0.0
6688,369.0
6689,123.0
6690,94.0
6691,208.0
6692,54.0
6693,259.0
6694,0.0
6695,0.0
6696,0.0
6697,123.0
6698,246.0
6699,19.0
6700,51.0
6701,57.0
6702,46.0
6703,0.0
6704,0.0
6705,0.0
6706,0.0
6707,0.0
6708,0.0
6709,0.0
6710,226.0
6711,0.0
6712,0.0
6713,0.0
6714,0.0
6715,0.0
6716,2.0
6717,0.0
6718,107.0
6719,0.0
6720,148.0
6721,3.0
6722,0.0
6723,0.0
6724,0.0
6725,0.0
6726,9.0
6727,58.0
6728,0.0
6729,0.0
6730,0.0
6731,1.0
6732,1.0
6733,121.0
6734,59.0
6735,50.0
6736,107.0
6737,0.0
6738,0.0
6739,152.0
6740,61.0
6741,0.0
6742,1.0
6743,0.0
6744,0.0
6745,0.0
6746,77.0
6747,75.0
6748,0.0
6749,92.0
6750,1.0
6751,1.0
6752,0.0
6753,0.0
6754,2.0
6755,0.0
6756,36.0
6757,53.0
6758,51.0
6759,68.0
6760,43.0
6761,0.0
6762,22.0
6763,0.0
6764,1.0
6765,76.0
6766,0.0
6767,0.0
6768,55.0
6769,0.0
6770,0.0
6771,94.0
6772,3.0
6773,0.0
6774,56.0
6775,2.0
6776,3.0
6777,1.0
6778,0.0
6779,0.0
6780,72.0
6781,70.0
6782,0.0
6783,0.0
6784,101.0
6785,158.0
6786,0.0
6787,0.0
6788,9.0
6789,2.0
6790,1.0
6791,0.0
6792,1.0
6793,0.0
6794,0.0
6795,109.0
6796,0.0
6797,0.0
6798,0.0
6799,0.0
6800,0.0
6801,0.0
6802,1.0
6803,0.0
6804,0.0
6805,0.0
6806,0.0
6807,107.0
6808,112.0
6809,103.0
6810,23.0
6811,0.0
6812,0.0
6813,0.0
6814,65.0
6815,160.0
6816,69.0
6817,96.0
6818,57.0
6819,0.0
6820,19.0
6821,27.0
6822,0.0
6823,3.0
6824,1.0
6825,44.0
6826,0.0
6827,0.0
6828,88.0
6829,0.0
6830,0.0
6831,0.0
6832,45.0
6833,75.0
6834,57.0
6835,2.0
6836,0.0
6837,1.0
6838,65.0
6839,69.0
6840,529.0
6841,45.0
6842,0.0
6843,0.0
6844,0.0
6845,0.0
6846,0.0
6847,0.0
6848,0.0
6849,117.0
6850,85.0
6851,79.0
6852,0.0
6853,118.0
6854,0.0
6855,0.0
6856,154.0
6857,0.0
6858,4.0
6859,0.0
6860,0.0
6861,3.0
6862,0.0
6863,0.0
6864,1.0
6865,0.0
6866,0.0
6867,0.0
6868,1.0
6869,78.0
6870,1.0
6871,0.0
6872,5.0
6873,19.0
6874,1.0
6875,87.0
6876,0.0
6877,0.0
6878,387.0
6879,70.0
6880,80.0
6881,0.0
6882,74.0
6883,85.0
6884,0.0
6885,0.0
6886,0.0
6887,0.0
6888,0.0
6889,0.0
6890,0.0
6891,0.0
6892,0.0
6893,0.0
6894,0.0
6895,0.0
6896,0.0
6897,1.0
6898,0.0
6899,0.0
6900,1.0
6901,1.0
6902,0.0
6903,0.0
6904,0.0
6905,0.0
6906,0.0
6907,0.0
6908,0.0
6909,0.0
6910,0.0
6911,0.0
6912,0.0
6913,0.0
6914,3.0
6915,0.0
6916,0.0
6917,0.0
6918,0.0
6919,0.0
6920,0.0
6921,81.0
6922,70.0
6923,120.0
6924,0.0
6925,0.0
6926,0.0
6927,0.0
6928,0.0
6929,0.0
6930,0.0
6931,1.0
6932,2.0
6933,3.0
6934,0.0
6935,0.0
6936,0.0
6937,0.0
6938,0.0
6939,42.0
6940,3.0
6941,70.0
6942,0.0
6943,154.0
6944,13.0
6945,49.0
6946,0.0
6947,0.0
6948,0.0
6949,0.0
6950,41.0
6951,0.0
6952,0.0
6953,24.0
6954,0.0
6955,0.0
6956,4.0
6957,70.0
6958,60.0
6959,1.0
6960,71.0
6961,0.0
6962,0.0
6963,0.0
6964,2.0
6965,0.0
6966,2.0
6967,88.0
6968,0.0
6969,43.0
6970,0.0
6971,62.0
6972,0.0
6973,6.0
6974,0.0
6975,49.0
6976,6.0
6977,0.0
6978,69.0
6979,0.0
6980,0.0
6981,0.0
6982,0.0
6983,53.0
6984,0.0
6985,0.0
6986,0.0
6987,0.0
6988,0.0
6989,0.0
6990,117.0
6991,1.0
6992,0.0
6993,1.0
6994,0.0
6995,0.0
6996,0.0
6997,31.0
6998,0.0
6999,0.0
7000,0.0
7001,0.0
7002,42.0
7003,129.0
7004,44.0
7005,202.0
7006,0.0
7007,0.0
7008,96.0
7009,78.0
7010,0.0
7011,0.0
7012,101.0
7013,86.0
7014,81.0
7015,0.0
7016,0.0
7017,56.0
7018,0.0
7019,0.0
7020,0.0
7021,40.0
7022,0.0
7023,0.0
7024,0.0
7025,0.0
7026,41.0
7027,0.0
7028,1.0
7029,0.0
7030,0.0
7031,0.0
7032,71.0
7033,0.0
7034,0.0
7035,2.0
7036,0.0
7037,20.0
7038,35.0
7039,83.0
7040,0.0
7041,0.0
7042,0.0
7043,47.0
7044,0.0
7045,0.0
7046,2.0
7047,0.0
7048,0.0
7049,57.0
7050,78.0
7051,2.0
7052,61.0
7053,0.0
7054,58.0
7055,0.0
7056,0.0
7057,55.0
7058,0.0
7059,0.0
7060,6.0
7061,54.0
7062,48.0
7063,56.0
7064,117.0
7065,74.0
7066,84.0
7067,0.0
7068,0.0
7069,0.0
7070,0.0
7071,1.0
7072,39.0
7073,67.0
7074,0.0
7075,41.0
7076,0.0
7077,64.0
7078,49.0
7079,112.0
7080,158.0
7081,118.0
7082,73.0
7083,2.0
7084,0.0
7085,0.0
7086,0.0
7087,0.0
7088,0.0
7089,122.0
7090,159.0
7091,121.0
7092,129.0
7093,124.0
7094,119.0
7095,157.0
7096,120.0
7097,115.0
7098,0.0
7099,116.0
7100,248.0
7101,0.0
7102,0.0
7103,0.0
7104,1.0
7105,0.0
7106,0.0
7107,30.0
7108,0.0
7109,0.0
7110,0.0
7111,61.0
7112,0.0
7113,51.0
7114,120.0
7115,237.0
7116,156.0
7117,46.0
7118,27.0
7119,108.0
7120,287.0
7121,34.0
7122,42.0
7123,36.0
7124,0.0
7125,0.0
7126,0.0
7127,1.0
7128,0.0
7129,0.0
7130,0.0
7131,0.0
7132,0.0
7133,0.0
7134,0.0
7135,0.0
7136,0.0
7137,0.0
7138,0.0
7139,0.0
7140,0.0
7141,0.0
7142,12.0
7143,70.0
7144,13.0
7145,0.0
7146,42.0
7147,0.0
7148,287.0
7149,90.0
7150,54.0
7151,39.0
7152,47.0
7153,274.0
7154,44.0
7155,49.0
7156,81.0
7157,50.0
7158,51.0
7159,55.0
7160,35.0
7161,37.0
7162,138.0
7163,1.0
7164,0.0
7165,121.0
7166,107.0
7167,0.0
7168,30.0
7169,21.0
7170,0.0
7171,0.0
7172,37.0
7173,5.0
7174,0.0
7175,0.0
7176,122.0
7177,0.0
7178,0.0
7179,12.0
7180,0.0
7181,0.0
7182,0.0
7183,0.0
7184,0.0
7185,61.0
7186,0.0
7187,0.0
7188,80.0
7189,30.0
7190,0.0
7191,0.0
7192,4.0
7193,124.0
7194,254.0
7195,129.0
7196,231.0
7197,120.0
7198,243.0
7199,94.0
7200,121.0
7201,115.0
7202,117.0
7203,250.0
7204,243.0
7205,256.0
7206,120.0
7207,122.0
7208,301.0
7209,69.0
7210,1.0
7211,1.0
7212,10.0
7213,94.0
7214,1.0
7215,110.0
7216,273.0
7217,0.0
7218,0.0
7219,0.0
7220,63.0
7221,0.0
7222,5.0
7223,21.0
7224,40.0
7225,42.0
7226,0.0
7227,56.0
7228,24.0
7229,90.0
7230,5.0
7231,66.0
7232,38.0
7233,36.0
7234,82.0
7235,0.0
7236,0.0
7237,0.0
7238,0.0
7239,0.0
7240,59.0
7241,72.0
7242,84.0
7243,61.0
7244,0.0
7245,69.0
7246,0.0
7247,57.0
7248,118.0
7249,0.0
7250,55.0
7251,32.0
7252,5.0
7253,155.0
7254,0.0
7255,49.0
7256,38.0
7257,46.0
7258,0.0
7259,0.0
7260,57.0
7261,120.0
7262,231.0
7263,41.0
7264,17.0
7265,118.0
7266,17.0
7267,15.0
7268,44.0
7269,42.0
7270,136.0
7271,41.0
7272,74.0
7273,0.0
7274,38.0
7275,0.0
7276,0.0
7277,119.0
7278,24.0
7279,53.0
7280,51.0
7281,127.0
7282,20.0
7283,9.0
7284,42.0
7285,36.0
7286,116.0
7287,122.0
7288,206.0
7289,118.0
7290,122.0
7291,85.0
7292,2.0
7293,0.0
7294,0.0
7295,41.0
7296,0.0
7297,0.0
7298,43.0
7299,0.0
7300,219.0
7301,95.0
7302,71.0
7303,116.0
7304,0.0
7305,0.0
7306,0.0
7307,0.0
7308,42.0
7309,48.0
7310,53.0
7311,52.0
7312,14.0
7313,28.0
7314,0.0
7315,52.0
7316,86.0
7317,22.0
7318,0.0
7319,52.0
7320,84.0
7321,2.0
7322,108.0
7323,125.0
7324,65.0
7325,247.0
7326,98.0
7327,276.0
7328,115.0
7329,154.0
7330,101.0
7331,56.0
7332,38.0
7333,0.0
7334,0.0
7335,0.0
7336,0.0
7337,0.0
7338,0.0
7339,0.0
7340,0.0
7341,1.0
7342,77.0
7343,39.0
7344,57.0
7345,35.0
7346,0.0
7347,85.0
7348,118.0
7349,30.0
7350,0.0
7351,0.0
7352,0.0
7353,0.0
7354,0.0
7355,33.0
7356,0.0
7357,34.0
7358,116.0
7359,29.0
7360,0.0
7361,0.0
7362,0.0
7363,0.0
7364,66.0
7365,144.0
7366,116.0
7367,348.0
7368,250.0
7369,396.0
7370,111.0
7371,483.0
7372,118.0
7373,68.0
7374,110.0
7375,115.0
7376,337.0
7377,118.0
7378,116.0
7379,150.0
7380,107.0
7381,0.0
7382,0.0
7383,0.0
7384,0.0
7385,0.0
7386,0.0
7387,0.0
7388,0.0
7389,0.0
7390,0.0
7391,0.0
7392,0.0
7393,0.0
7394,0.0
7395,0.0
7396,0.0
7397,0.0
7398,0.0
7399,0.0
7400,0.0
7401,0.0
7402,35.0
7403,0.0
7404,0.0
7405,0.0
7406,0.0
7407,0.0
7408,0.0
7409,0.0
7410,0.0
7411,101.0
7412,0.0
7413,0.0
7414,0.0
7415,0.0
7416,0.0
7417,0.0
7418,84.0
7419,85.0
7420,0.0
7421,0.0
7422,0.0
7423,38.0
7424,0.0
7425,0.0
7426,0.0
7427,0.0
7428,1.0
7429,104.0
7430,0.0
7431,0.0
7432,1.0
7433,0.0
7434,0.0
7435,0.0
7436,0.0
7437,0.0
7438,0.0
7439,33.0
7440,0.0
7441,0.0
7442,0.0
7443,0.0
7444,0.0
7445,64.0
7446,0.0
7447,91.0
7448,0.0
7449,0.0
7450,0.0
7451,0.0
7452,0.0
7453,1.0
7454,133.0
7455,0.0
7456,142.0
7457,111.0
7458,74.0
7459,76.0
7460,0.0
7461,0.0
7462,0.0
7463,0.0
7464,53.0
7465,0.0
7466,0.0
7467,0.0
7468,0.0
7469,0.0
7470,0.0
7471,0.0
7472,0.0
7473,0.0
7474,0.0
7475,0.0
7476,0.0
7477,149.0
7478,0.0
7479,0.0
7480,29.0
7481,0.0
7482,0.0
7483,0.0
7484,0.0
7485,0.0
7486,0.0
7487,0.0
7488,48.0
7489,121.0
7490,0.0
7491,0.0
7492,0.0
7493,0.0
7494,0.0
7495,0.0
7496,0.0
7497,0.0
7498,0.0
7499,0.0
7500,0.0
7501,0.0
7502,0.0
7503,0.0
7504,0.0
7505,0.0
7506,0.0
7507,0.0
7508,0.0
7509,0.0
7510,0.0
7511,0.0
7512,0.0
7513,53.0
7514,82.0
7515,0.0
7516,0.0
7517,0.0
7518,0.0
7519,0.0
7520,0.0
7521,0.0
7522,0.0
7523,0.0
7524,0.0
7525,0.0
7526,0.0
7527,0.0
7528,0.0
7529,0.0
7530,112.0
7531,0.0
7532,0.0
7533,0.0
7534,0.0
7535,0.0
7536,0.0
7537,0.0
7538,0.0
7539,0.0
7540,49.0
7541,0.0
7542,0.0
7543,0.0
7544,50.0
7545,58.0
7546,0.0
7547,0.0
7548,50.0
7549,0.0
7550,0.0
7551,0.0
7552,0.0
7553,0.0
7554,57.0
7555,0.0
7556,0.0
7557,1.0
7558,0.0
7559,0.0
7560,0.0
7561,0.0
7562,0.0
7563,0.0
7564,0.0
7565,0.0
7566,118.0
7567,0.0
7568,1.0
7569,0.0
7570,0.0
7571,79.0
7572,54.0
7573,0.0
7574,0.0
7575,2.0
7576,0.0
7577,0.0
7578,0.0
7579,0.0
7580,0.0
7581,0.0
7582,0.0
7583,0.0
7584,0.0
7585,0.0
7586,0.0
7587,0.0
7588,0.0
7589,0.0
7590,0.0
7591,0.0
7592,35.0
7593,0.0
7594,0.0
7595,0.0
7596,0.0
7597,0.0
7598,83.0
7599,0.0
7600,0.0
7601,0.0
7602,5.0
7603,0.0
7604,0.0
7605,0.0
7606,0.0
7607,0.0
7608,28.0
7609,0.0
7610,23.0
7611,38.0
7612,0.0
7613,41.0
7614,0.0
7615,0.0
7616,0.0
7617,0.0
7618,9.0
7619,0.0
7620,38.0
7621,0.0
7622,0.0
7623,35.0
7624,1.0
7625,0.0
7626,0.0
7627,0.0
7628,0.0
7629,21.0
7630,0.0
7631,0.0
7632,0.0
7633,12.0
7634,0.0
7635,0.0
7636,0.0
7637,0.0
7638,0.0
7639,0.0
7640,7.0
7641,2.0
7642,0.0
7643,0.0
7644,0.0
7645,0.0
7646,0.0
7647,2.0
7648,4.0
7649,0.0
7650,0.0
7651,0.0
7652,23.0
7653,0.0
7654,0.0
7655,10.0
7656,170.0
7657,0.0
7658,0.0
7659,0.0
7660,0.0
7661,0.0
7662,0.0
7663,0.0
7664,0.0
7665,0.0
7666,15.0
7667,0.0
7668,0.0
7669,0.0
7670,1.0
7671,0.0
7672,0.0
7673,0.0
7674,0.0
7675,0.0
7676,0.0
7677,0.0
7678,0.0
7679,0.0
7680,0.0
7681,0.0
7682,0.0
7683,0.0
7684,0.0
7685,0.0
7686,0.0
7687,0.0
7688,0.0
7689,0.0
7690,0.0
7691,0.0
7692,1.0
7693,0.0
7694,0.0
7695,0.0
7696,0.0
7697,0.0
7698,121.0
7699,0.0
7700,7.0
7701,0.0
7702,41.0
7703,0.0
7704,0.0
7705,0.0
7706,0.0
7707,0.0
7708,18.0
7709,42.0
7710,2.0
7711,0.0
7712,1.0
7713,0.0
7714,1.0
7715,1.0
7716,1.0
7717,0.0
7718,0.0
7719,0.0
7720,40.0
7721,37.0
7722,0.0
7723,0.0
7724,35.0
7725,40.0
7726,83.0
7727,46.0
7728,0.0
7729,0.0
7730,41.0
7731,0.0
7732,0.0
7733,0.0
7734,118.0
7735,0.0
7736,115.0
7737,81.0
7738,34.0
7739,112.0
7740,42.0
7741,43.0
7742,10.0
7743,40.0
7744,0.0
7745,42.0
7746,0.0
7747,0.0
7748,38.0
7749,37.0
7750,0.0
7751,0.0
7752,0.0
7753,11.0
7754,40.0
7755,95.0
7756,50.0
7757,220.0
7758,0.0
7759,0.0
7760,20.0
7761,0.0
7762,32.0
7763,104.0
7764,130.0
7765,159.0
7766,117.0
7767,83.0
7768,108.0
7769,1.0
7770,0.0
7771,83.0
7772,48.0
7773,220.0
7774,145.0
7775,136.0
7776,65.0
7777,84.0
7778,148.0
7779,110.0
7780,2.0
7781,103.0
7782,0.0
7783,187.0
7784,124.0
7785,444.0
7786,99.0
7787,121.0
7788,155.0
7789,240.0
7790,5.0
7791,209.0
7792,724.0
7793,0.0
7794,90.0
7795,69.0
7796,114.0
7797,261.0
7798,321.0
7799,93.0
7800,100.0
7801,132.0
7802,94.0
7803,224.0
7804,75.0
7805,0.0
7806,0.0
7807,0.0
7808,1.0
7809,0.0
7810,117.0
7811,87.0
7812,98.0
7813,2.0
7814,90.0
7815,31.0
7816,62.0
7817,119.0
7818,88.0
7819,74.0
7820,52.0
7821,119.0
7822,100.0
7823,125.0
7824,118.0
7825,0.0
7826,2.0
7827,301.0
7828,0.0
7829,2.0
7830,0.0
7831,126.0
7832,112.0
7833,81.0
7834,246.0
7835,7.0
7836,105.0
7837,105.0
7838,77.0
7839,0.0
7840,71.0
7841,35.0
7842,31.0
7843,0.0
7844,90.0
7845,113.0
7846,0.0
7847,55.0
7848,56.0
7849,536.0
7850,539.0
7851,158.0
7852,115.0
7853,90.0
7854,89.0
7855,97.0
7856,123.0
7857,315.0
7858,72.0
7859,33.0
7860,43.0
7861,61.0
7862,179.0
7863,105.0
7864,4.0
7865,101.0
7866,95.0
7867,100.0
7868,122.0
7869,122.0
7870,63.0
7871,0.0
7872,86.0
7873,180.0
7874,98.0
7875,1.0
7876,112.0
7877,157.0
7878,513.0
7879,92.0
7880,5.0
7881,146.0
7882,170.0
7883,153.0
7884,141.0
7885,106.0
7886,171.0
7887,115.0
7888,129.0
7889,183.0
7890,139.0
7891,132.0
7892,111.0
7893,128.0
7894,149.0
7895,172.0
7896,152.0
7897,155.0
7898,135.0
7899,153.0
7900,128.0
7901,135.0
7902,144.0
7903,95.0
7904,198.0
7905,70.0
7906,134.0
7907,164.0
7908,0.0
7909,0.0
7910,97.0
7911,0.0
7912,0.0
7913,2.0
7914,3.0
7915,107.0
7916,150.0
7917,95.0
7918,229.0
7919,0.0
7920,234.0
7921,72.0
7922,0.0
7923,44.0
7924,88.0
7925,111.0
7926,0.0
7927,1.0
7928,3.0
7929,9.0
7930,91.0
7931,155.0
7932,3.0
7933,127.0
7934,0.0
7935,5.0
7936,1.0
7937,3.0
7938,134.0
7939,63.0
7940,77.0
7941,0.0
7942,133.0
7943,0.0
7944,129.0
7945,73.0
7946,201.0
7947,124.0
7948,2.0
7949,193.0
7950,116.0
7951,12.0
7952,98.0
7953,0.0
7954,0.0
7955,111.0
7956,496.0
7957,220.0
7958,1.0
7959,28.0
7960,85.0
7961,75.0
7962,0.0
7963,43.0
7964,0.0
7965,214.0
7966,0.0
7967,1.0
7968,586.0
7969,98.0
7970,57.0
7971,50.0
7972,261.0
7973,93.0
7974,416.0
7975,113.0
7976,7.0
7977,1.0
7978,17.0
7979,130.0
7980,2.0
7981,0.0
7982,0.0
7983,338.0
7984,525.0
7985,14.0
7986,44.0
7987,0.0
7988,24.0
7989,30.0
7990,86.0
7991,0.0
7992,3.0
7993,0.0
7994,2.0
7995,0.0
7996,0.0
7997,0.0
7998,1.0
7999,137.0
8000,166.0
8001,50.0
8002,45.0
8003,362.0
8004,421.0
8005,130.0
8006,158.0
8007,0.0
8008,0.0
8009,6.0
8010,0.0
8011,91.0
8012,156.0
8013,125.0
8014,66.0
8015,47.0
8016,88.0
8017,0.0
8018,117.0
8019,167.0
8020,0.0
8021,0.0
8022,82.0
8023,0.0
8024,99.0
8025,112.0
8026,211.0
8027,3.0
8028,1.0
8029,1.0
8030,4.0
8031,1.0
8032,1.0
8033,96.0
8034,67.0
8035,46.0
8036,60.0
8037,485.0
8038,203.0
8039,538.0
8040,524.0
8041,155.0
8042,161.0
8043,113.0
8044,116.0
8045,97.0
8046,60.0
8047,111.0
8048,3.0
8049,0.0
8050,0.0
8051,0.0
8052,0.0
8053,51.0
8054,214.0
8055,577.0
8056,191.0
8057,133.0
8058,95.0
8059,114.0
8060,85.0
8061,8.0
8062,85.0
8063,91.0
8064,71.0
8065,74.0
8066,67.0
8067,242.0
8068,119.0
8069,78.0
8070,220.0
8071,223.0
8072,97.0
8073,1.0
8074,120.0
8075,636.0
8076,434.0
8077,266.0
8078,0.0
8079,2.0
8080,90.0
8081,69.0
8082,73.0
8083,59.0
8084,211.0
8085,288.0
8086,0.0
8087,448.0
8088,86.0
8089,0.0
8090,0.0
8091,0.0
8092,1.0
8093,1.0
8094,3.0
8095,2.0
8096,168.0
8097,125.0
8098,128.0
8099,216.0
8100,86.0
8101,95.0
8102,0.0
8103,0.0
8104,0.0
8105,1.0
8106,115.0
8107,75.0
8108,87.0
8109,0.0
8110,131.0
8111,31.0
8112,0.0
8113,261.0
8114,64.0
8115,116.0
8116,134.0
8117,73.0
8118,57.0
8119,0.0
8120,229.0
8121,3.0
8122,94.0
8123,1.0
8124,2.0
8125,0.0
8126,366.0
8127,96.0
8128,94.0
8129,0.0
8130,59.0
8131,15.0
8132,54.0
8133,83.0
8134,447.0
8135,76.0
8136,94.0
8137,115.0
8138,65.0
8139,0.0
8140,3.0
8141,0.0
8142,195.0
8143,142.0
8144,94.0
8145,515.0
8146,21.0
8147,94.0
8148,0.0
8149,45.0
8150,0.0
8151,0.0
8152,98.0
8153,21.0
8154,0.0
8155,0.0
8156,77.0
8157,0.0
8158,490.0
8159,0.0
8160,1.0
8161,1.0
8162,0.0
8163,0.0
8164,0.0
8165,0.0
8166,161.0
8167,0.0
8168,0.0
8169,2.0
8170,2.0
8171,4.0
8172,102.0
8173,0.0
8174,0.0
8175,5.0
8176,0.0
8177,0.0
8178,78.0
8179,67.0
8180,0.0
8181,235.0
8182,54.0
8183,4.0
8184,3.0
8185,1.0
8186,1.0
8187,3.0
8188,133.0
8189,340.0
8190,252.0
8191,137.0
8192,76.0
8193,46.0
8194,265.0
8195,34.0
8196,0.0
8197,2.0
8198,2.0
8199,574.0
8200,179.0
8201,78.0
8202,139.0
8203,193.0
8204,70.0
8205,100.0
8206,21.0
8207,0.0
8208,441.0
8209,189.0
8210,3.0
8211,0.0
8212,47.0
8213,120.0
8214,16.0
8215,85.0
8216,1.0
8217,2.0
8218,0.0
8219,251.0
8220,348.0
8221,85.0
8222,73.0
8223,56.0
8224,1.0
8225,2.0
8226,83.0
8227,461.0
8228,14.0
8229,0.0
8230,102.0
8231,57.0
8232,69.0
8233,0.0
8234,9.0
8235,80.0
8236,138.0
8237,0.0
8238,258.0
8239,0.0
8240,84.0
8241,0.0
8242,139.0
8243,119.0
8244,179.0
8245,434.0
8246,192.0
8247,0.0
8248,5.0
8249,70.0
8250,24.0
8251,312.0
8252,103.0
8253,633.0
8254,14.0
8255,81.0
8256,0.0
8257,78.0
8258,70.0
8259,0.0
8260,0.0
8261,59.0
8262,61.0
8263,62.0
8264,0.0
8265,0.0
8266,0.0
8267,1.0
8268,169.0
8269,0.0
8270,1.0
8271,0.0
8272,95.0
8273,1.0
8274,57.0
8275,0.0
8276,32.0
8277,115.0
8278,154.0
8279,357.0
8280,79.0
8281,480.0
8282,63.0
8283,176.0
8284,0.0
8285,107.0
8286,42.0
8287,3.0
8288,44.0
8289,231.0
8290,54.0
8291,503.0
8292,132.0
8293,72.0
8294,0.0
8295,9.0
8296,65.0
8297,0.0
8298,96.0
8299,279.0
8300,82.0
8301,102.0
8302,4.0
8303,1.0
8304,3.0
8305,236.0
8306,4.0
8307,77.0
8308,0.0
8309,131.0
8310,132.0
8311,123.0
8312,145.0
8313,150.0
8314,178.0
8315,123.0
8316,195.0
8317,154.0
8318,131.0
8319,160.0
8320,0.0
8321,134.0
8322,90.0
8323,88.0
8324,0.0
8325,136.0
8326,1.0
8327,5.0
8328,42.0
8329,1.0
8330,0.0
8331,92.0
8332,0.0
8333,0.0
8334,0.0
8335,0.0
8336,0.0
8337,0.0
8338,0.0
8339,0.0
8340,3.0
8341,0.0
8342,26.0
8343,21.0
8344,18.0
8345,73.0
8346,1.0
8347,532.0
8348,124.0
8349,105.0
8350,84.0
8351,66.0
8352,0.0
8353,135.0
8354,214.0
8355,713.0
8356,0.0
8357,0.0
8358,0.0
8359,228.0
8360,0.0
8361,91.0
8362,53.0
8363,6.0
8364,53.0
8365,1.0
8366,0.0
8367,25.0
8368,158.0
8369,101.0
8370,131.0
8371,85.0
8372,755.0
8373,148.0
8374,68.0
8375,102.0
8376,482.0
8377,107.0
8378,341.0
8379,125.0
8380,275.0
8381,420.0
8382,553.0
8383,143.0
8384,467.0
8385,239.0
8386,170.0
8387,61.0
8388,0.0
8389,588.0
8390,274.0
8391,365.0
8392,62.0
8393,80.0
8394,153.0
8395,316.0
8396,264.0
8397,384.0
8398,28.0
8399,62.0
8400,590.0
8401,279.0
8402,46.0
8403,0.0
8404,69.0
8405,0.0
8406,0.0
8407,0.0
8408,47.0
8409,19.0
8410,5.0
8411,35.0
8412,0.0
8413,3.0
8414,0.0
8415,0.0
8416,68.0
8417,0.0
8418,0.0
8419,245.0
8420,0.0
8421,5.0
8422,4.0
8423,0.0
8424,1.0
8425,51.0
8426,0.0
8427,32.0
8428,0.0
8429,0.0
8430,62.0
8431,0.0
8432,4.0
8433,55.0
8434,0.0
8435,80.0
8436,580.0
8437,5.0
8438,61.0
8439,76.0
8440,0.0
8441,0.0
8442,66.0
8443,94.0
8444,62.0
8445,0.0
8446,35.0
8447,0.0
8448,129.0
8449,0.0
8450,136.0
8451,46.0
8452,2.0
8453,255.0
8454,237.0
8455,530.0
8456,97.0
8457,59.0
8458,34.0
8459,0.0
8460,57.0
8461,0.0
8462,786.0
8463,0.0
8464,0.0
8465,24.0
8466,0.0
8467,54.0
8468,0.0
8469,0.0
8470,14.0
8471,47.0
8472,6.0
8473,29.0
8474,21.0
8475,57.0
8476,0.0
8477,54.0
8478,92.0
8479,107.0
8480,89.0
8481,0.0
8482,228.0
8483,0.0
8484,0.0
8485,15.0
8486,85.0
8487,56.0
8488,541.0
8489,0.0
8490,77.0
8491,104.0
8492,102.0
8493,116.0
8494,25.0
8495,82.0
8496,62.0
8497,273.0
8498,194.0
8499,58.0
8500,0.0
8501,34.0
8502,0.0
8503,0.0
8504,232.0
8505,44.0
8506,0.0
8507,0.0
8508,1.0
8509,0.0
8510,0.0
8511,1.0
8512,1.0
8513,0.0
8514,1.0
8515,0.0
8516,0.0
8517,1.0
8518,0.0
8519,0.0
8520,87.0
8521,0.0
8522,0.0
8523,63.0
8524,40.0
8525,0.0
8526,0.0
8527,0.0
8528,0.0
8529,0.0
8530,0.0
8531,149.0
8532,0.0
8533,0.0
8534,0.0
8535,0.0
8536,0.0
8537,0.0
8538,0.0
8539,28.0
8540,0.0
8541,0.0
8542,146.0
8543,87.0
8544,32.0
8545,33.0
8546,349.0
8547,66.0
8548,98.0
8549,208.0
8550,340.0
8551,85.0
8552,0.0
8553,75.0
8554,0.0
8555,131.0
8556,0.0
8557,97.0
8558,0.0
8559,0.0
8560,0.0
8561,46.0
8562,89.0
8563,0.0
8564,0.0
8565,0.0
8566,86.0
8567,0.0
8568,89.0
8569,141.0
8570,1.0
8571,95.0
8572,137.0
8573,146.0
8574,0.0
8575,426.0
8576,114.0
8577,579.0
8578,0.0
8579,0.0
8580,0.0
8581,113.0
8582,0.0
8583,28.0
8584,0.0
8585,0.0
8586,0.0
8587,0.0
8588,0.0
8589,0.0
8590,45.0
8591,0.0
8592,0.0
8593,0.0
8594,0.0
8595,68.0
8596,161.0
8597,62.0
8598,0.0
8599,328.0
8600,324.0
8601,167.0
8602,0.0
8603,0.0
8604,174.0
8605,165.0
8606,162.0
8607,150.0
8608,216.0
8609,9.0
8610,0.0
8611,210.0
8612,520.0
8613,206.0
8614,208.0
8615,432.0
8616,153.0
8617,146.0
8618,158.0
8619,221.0
8620,153.0
8621,0.0
8622,143.0
8623,0.0
8624,0.0
8625,0.0
8626,74.0
8627,2.0
8628,0.0
8629,158.0
8630,4.0
8631,48.0
8632,154.0
8633,137.0
8634,88.0
8635,241.0
8636,230.0
8637,296.0
8638,0.0
8639,226.0
8640,159.0
8641,157.0
8642,0.0
8643,136.0
8644,80.0
8645,88.0
8646,129.0
8647,107.0
8648,299.0
8649,0.0
8650,161.0
8651,473.0
8652,397.0
8653,150.0
8654,0.0
8655,144.0
8656,494.0
8657,0.0
8658,0.0
8659,0.0
8660,232.0
8661,143.0
8662,44.0
8663,50.0
8664,289.0
8665,65.0
8666,106.0
8667,154.0
8668,58.0
8669,0.0
8670,244.0
8671,57.0
8672,54.0
8673,333.0
8674,130.0
8675,177.0
8676,163.0
8677,153.0
8678,0.0
8679,0.0
8680,150.0
8681,153.0
8682,163.0
8683,158.0
8684,0.0
8685,0.0
8686,0.0
8687,0.0
8688,0.0
8689,0.0
8690,0.0
8691,0.0
8692,0.0
8693,214.0
8694,0.0
8695,0.0
8696,412.0
8697,133.0
8698,46.0
8699,42.0
8700,108.0
8701,164.0
8702,151.0
8703,0.0
8704,0.0
8705,0.0
8706,0.0
8707,0.0
8708,0.0
8709,0.0
8710,0.0
8711,0.0
8712,0.0
8713,0.0
8714,1.0
8715,0.0
8716,0.0
8717,29.0
8718,49.0
8719,0.0
8720,0.0
8721,0.0
8722,0.0
8723,53.0
8724,51.0
8725,0.0
8726,0.0
8727,1.0
8728,22.0
8729,0.0
8730,0.0
8731,0.0
8732,61.0
8733,0.0
8734,0.0
8735,2.0
8736,0.0
8737,31.0
8738,6.0
8739,0.0
8740,0.0
8741,0.0
8742,9.0
8743,0.0
8744,0.0
8745,0.0
8746,0.0
8747,0.0
8748,0.0
8749,11.0
8750,0.0
8751,27.0
8752,49.0
8753,0.0
8754,0.0
8755,0.0
8756,0.0
8757,0.0
8758,3.0
8759,0.0
8760,6.0
8761,29.0
8762,4.0
8763,0.0
8764,0.0
8765,0.0
8766,0.0
8767,0.0
8768,0.0
8769,0.0
8770,24.0
8771,0.0
8772,0.0
8773,0.0
8774,0.0
8775,0.0
8776,0.0
8777,0.0
8778,0.0
8779,0.0
8780,0.0
8781,23.0
8782,16.0
8783,26.0
8784,0.0
8785,0.0
8786,0.0
8787,9.0
8788,0.0
8789,0.0
8790,26.0
8791,0.0
8792,0.0
8793,0.0
8794,0.0
8795,0.0
8796,0.0
8797,0.0
8798,4.0
8799,0.0
8800,0.0
8801,1.0
8802,0.0
8803,0.0
8804,27.0
8805,10.0
8806,0.0
8807,25.0
8808,0.0
8809,0.0
8810,0.0
8811,1.0
8812,14.0
8813,0.0
8814,0.0
8815,0.0
8816,0.0
8817,10.0
8818,22.0
8819,5.0
8820,75.0
8821,0.0
8822,44.0
8823,19.0
8824,0.0
8825,0.0
8826,2.0
8827,0.0
8828,0.0
8829,0.0
8830,0.0
8831,1.0
8832,19.0
8833,0.0
8834,0.0
8835,0.0
8836,0.0
8837,0.0
8838,0.0
8839,0.0
8840,0.0
8841,0.0
8842,0.0
8843,0.0
8844,0.0
8845,0.0
8846,10.0
8847,0.0
8848,7.0
8849,11.0
8850,36.0
8851,18.0
8852,0.0
8853,13.0
8854,26.0
8855,21.0
8856,0.0
8857,0.0
8858,0.0
8859,0.0
8860,0.0
8861,0.0
8862,6.0
8863,12.0
8864,0.0
8865,0.0
8866,7.0
8867,82.0
8868,13.0
8869,1.0
8870,0.0
8871,24.0
8872,31.0
8873,30.0
8874,7.0
8875,0.0
8876,1.0
8877,24.0
8878,0.0
8879,0.0
8880,0.0
8881,0.0
8882,0.0
8883,24.0
8884,0.0
8885,0.0
8886,0.0
8887,0.0
8888,0.0
8889,0.0
8890,48.0
8891,0.0
8892,0.0
8893,0.0
8894,31.0
8895,44.0
8896,0.0
8897,1.0
8898,0.0
8899,0.0
8900,7.0
8901,28.0
8902,5.0
8903,0.0
8904,0.0
8905,0.0
8906,0.0
8907,0.0
8908,5.0
8909,6.0
8910,28.0
8911,36.0
8912,0.0
8913,0.0
8914,0.0
8915,0.0
8916,0.0
8917,0.0
8918,0.0
8919,0.0
8920,0.0
8921,0.0
8922,0.0
8923,0.0
8924,0.0
8925,0.0
8926,0.0
8927,0.0
8928,0.0
8929,0.0
8930,1.0
8931,1.0
8932,0.0
8933,0.0
8934,2.0
8935,0.0
8936,0.0
8937,0.0
8938,0.0
8939,1.0
8940,2.0
8941,0.0
8942,0.0
8943,1.0
8944,0.0
8945,0.0
8946,0.0
8947,0.0
8948,0.0
8949,0.0
8950,0.0
8951,0.0
8952,0.0
8953,0.0
8954,0.0
8955,0.0
8956,15.0
8957,0.0
8958,0.0
8959,4.0
8960,25.0
8961,0.0
8962,0.0
8963,0.0
8964,0.0
8965,3.0
8966,9.0
8967,6.0
8968,6.0
8969,0.0
8970,0.0
8971,0.0
8972,0.0
8973,0.0
8974,8.0
8975,20.0
8976,13.0
8977,7.0
8978,26.0
8979,0.0
8980,6.0
8981,0.0
8982,0.0
8983,7.0
8984,0.0
8985,5.0
8986,0.0
8987,0.0
8988,17.0
8989,0.0
8990,0.0
8991,56.0
8992,0.0
8993,0.0
8994,0.0
8995,0.0
8996,22.0
8997,0.0
8998,0.0
8999,0.0
9000,0.0
9001,0.0
9002,0.0
9003,0.0
9004,0.0
9005,3.0
9006,0.0
9007,0.0
9008,0.0
9009,1.0
9010,3.0
9011,27.0
9012,8.0
9013,2.0
9014,78.0
9015,0.0
9016,3.0
9017,8.0
9018,0.0
9019,14.0
9020,9.0
9021,23.0
9022,0.0
9023,0.0
9024,0.0
9025,0.0
9026,4.0
9027,5.0
9028,77.0
9029,26.0
9030,26.0
9031,0.0
9032,0.0
9033,0.0
9034,0.0
9035,0.0
9036,0.0
9037,0.0
9038,0.0
9039,0.0
9040,10.0
9041,0.0
9042,0.0
9043,46.0
9044,0.0
9045,0.0
9046,0.0
9047,5.0
9048,0.0
9049,0.0
9050,0.0
9051,0.0
9052,0.0
9053,0.0
9054,0.0
9055,0.0
9056,0.0
9057,0.0
9058,0.0
9059,33.0
9060,14.0
9061,0.0
9062,18.0
9063,72.0
9064,25.0
9065,10.0
9066,0.0
9067,0.0
9068,7.0
9069,0.0
9070,0.0
9071,0.0
9072,0.0
9073,0.0
9074,47.0
9075,0.0
9076,24.0
9077,13.0
9078,0.0
9079,0.0
9080,3.0
9081,0.0
9082,0.0
9083,3.0
9084,45.0
9085,0.0
9086,0.0
9087,8.0
9088,34.0
9089,0.0
9090,0.0
9091,0.0
9092,21.0
9093,0.0
9094,0.0
9095,7.0
9096,0.0
9097,0.0
9098,0.0
9099,0.0
9100,0.0
9101,0.0
9102,0.0
9103,0.0
9104,0.0
9105,0.0
9106,0.0
9107,5.0
9108,32.0
9109,32.0
9110,0.0
9111,5.0
9112,0.0
9113,0.0
9114,0.0
9115,0.0
9116,0.0
9117,0.0
9118,0.0
9119,0.0
9120,0.0
9121,5.0
9122,0.0
9123,8.0
9124,4.0
9125,0.0
9126,0.0
9127,0.0
9128,0.0
9129,36.0
9130,0.0
9131,0.0
9132,29.0
9133,6.0
9134,0.0
9135,0.0
9136,0.0
9137,0.0
9138,0.0
9139,0.0
9140,0.0
9141,3.0
9142,0.0
9143,0.0
9144,0.0
9145,2.0
9146,0.0
9147,38.0
9148,0.0
9149,26.0
9150,12.0
9151,0.0
9152,0.0
9153,1.0
9154,0.0
9155,0.0
9156,1.0
9157,0.0
9158,6.0
9159,0.0
9160,0.0
9161,0.0
9162,18.0
9163,14.0
9164,0.0
9165,0.0
9166,12.0
9167,0.0
9168,0.0
9169,0.0
9170,1.0
9171,0.0
9172,0.0
9173,0.0
9174,0.0
9175,0.0
9176,2.0
9177,4.0
9178,0.0
9179,0.0
9180,0.0
9181,0.0
9182,0.0
9183,0.0
9184,0.0
9185,0.0
9186,0.0
9187,0.0
9188,0.0
9189,10.0
9190,0.0
9191,0.0
9192,7.0
9193,0.0
9194,0.0
9195,23.0
9196,36.0
9197,3.0
9198,1.0
9199,0.0
9200,0.0
9201,17.0
9202,25.0
9203,28.0
9204,56.0
9205,0.0
9206,4.0
9207,9.0
9208,0.0
9209,0.0
9210,0.0
9211,0.0
9212,0.0
9213,0.0
9214,0.0
9215,0.0
9216,4.0
9217,3.0
9218,0.0
9219,8.0
9220,0.0
9221,0.0
9222,14.0
9223,14.0
9224,22.0
9225,0.0
9226,6.0
9227,0.0
9228,0.0
9229,0.0
9230,0.0
9231,0.0
9232,8.0
9233,0.0
9234,0.0
9235,0.0
9236,8.0
9237,0.0
9238,13.0
9239,0.0
9240,0.0
9241,0.0
9242,0.0
9243,0.0
9244,22.0
9245,0.0
9246,10.0
9247,23.0
9248,19.0
9249,75.0
9250,26.0
9251,21.0
9252,0.0
9253,0.0
9254,0.0
9255,4.0
9256,1.0
9257,0.0
9258,10.0
9259,7.0
9260,9.0
9261,0.0
9262,112.0
9263,24.0
9264,18.0
9265,0.0
9266,2.0
9267,0.0
9268,0.0
9269,0.0
9270,1.0
9271,0.0
9272,12.0
9273,20.0
9274,0.0
9275,25.0
9276,22.0
9277,0.0
9278,2.0
9279,0.0
9280,0.0
9281,5.0
9282,7.0
9283,0.0
9284,55.0
9285,0.0
9286,0.0
9287,0.0
9288,0.0
9289,0.0
9290,0.0
9291,0.0
9292,0.0
9293,0.0
9294,0.0
9295,0.0
9296,0.0
9297,0.0
9298,7.0
9299,0.0
9300,0.0
9301,0.0
9302,1.0
9303,0.0
9304,0.0
9305,0.0
9306,0.0
9307,0.0
9308,0.0
9309,0.0
9310,0.0
9311,0.0
9312,0.0
9313,0.0
9314,0.0
9315,0.0
9316,0.0
9317,0.0
9318,0.0
9319,0.0
9320,0.0
9321,0.0
9322,0.0
9323,0.0
9324,0.0
9325,20.0
9326,0.0
9327,0.0
9328,0.0
9329,0.0
9330,0.0
9331,0.0
9332,6.0
9333,0.0
9334,9.0
9335,19.0
9336,0.0
9337,4.0
9338,1.0
9339,2.0
9340,0.0
9341,0.0
9342,54.0
9343,38.0
9344,26.0
9345,0.0
9346,0.0
9347,15.0
9348,0.0
9349,84.0
9350,0.0
9351,9.0
9352,23.0
9353,2.0
9354,12.0
9355,0.0
9356,77.0
9357,0.0
9358,0.0
9359,12.0
9360,1.0
9361,0.0
9362,34.0
9363,0.0
9364,0.0
9365,0.0
9366,0.0
9367,10.0
9368,0.0
9369,4.0
9370,21.0
9371,0.0
9372,0.0
9373,1.0
9374,12.0
9375,11.0
9376,5.0
9377,0.0
9378,0.0
9379,0.0
9380,0.0
9381,0.0
9382,0.0
9383,0.0
9384,0.0
9385,0.0
9386,5.0
9387,0.0
9388,0.0
9389,0.0
9390,0.0
9391,8.0
9392,0.0
9393,59.0
9394,28.0
9395,13.0
9396,1.0
9397,13.0
9398,11.0
9399,0.0
9400,0.0
9401,0.0
9402,12.0
9403,16.0
9404,4.0
9405,0.0
9406,5.0
9407,0.0
9408,0.0
9409,0.0
9410,0.0
9411,50.0
9412,0.0
9413,4.0
9414,40.0
9415,4.0
9416,0.0
9417,3.0
9418,0.0
9419,0.0
9420,0.0
9421,0.0
9422,0.0
9423,0.0
9424,0.0
9425,0.0
9426,0.0
9427,0.0
9428,0.0
9429,4.0
9430,0.0
9431,28.0
9432,0.0
9433,0.0
9434,0.0
9435,0.0
9436,1.0
9437,0.0
9438,0.0
9439,0.0
9440,0.0
9441,0.0
9442,4.0
9443,0.0
9444,0.0
9445,0.0
9446,0.0
9447,0.0
9448,0.0
9449,0.0
9450,12.0
9451,0.0
9452,5.0
9453,0.0
9454,0.0
9455,13.0
9456,0.0
9457,0.0
9458,1.0
9459,0.0
9460,2.0
9461,4.0
9462,0.0
9463,0.0
9464,0.0
9465,0.0
9466,0.0
9467,0.0
9468,0.0
9469,6.0
9470,0.0
9471,2.0
9472,0.0
9473,3.0
9474,7.0
9475,27.0
9476,0.0
9477,33.0
9478,0.0
9479,0.0
9480,0.0
9481,0.0
9482,13.0
9483,13.0
9484,0.0
9485,0.0
9486,0.0
9487,5.0
9488,0.0
9489,28.0
9490,0.0
9491,28.0
9492,13.0
9493,0.0
9494,0.0
9495,21.0
9496,0.0
9497,0.0
9498,7.0
9499,5.0
9500,8.0
9501,46.0
9502,18.0
9503,0.0
9504,0.0
9505,0.0
9506,0.0
9507,0.0
9508,0.0
9509,0.0
9510,0.0
9511,0.0
9512,0.0
9513,0.0
9514,3.0
9515,0.0
9516,0.0
9517,2.0
9518,0.0
9519,0.0
9520,7.0
9521,0.0
9522,0.0
9523,0.0
9524,0.0
9525,0.0
9526,0.0
9527,11.0
9528,0.0
9529,0.0
9530,0.0
9531,0.0
9532,0.0
9533,0.0
9534,0.0
9535,8.0
9536,2.0
9537,0.0
9538,0.0
9539,0.0
9540,2.0
9541,13.0
9542,0.0
9543,0.0
9544,0.0
9545,29.0
9546,0.0
9547,0.0
9548,0.0
9549,0.0
9550,0.0
9551,19.0
9552,20.0
9553,0.0
9554,0.0
9555,0.0
9556,0.0
9557,0.0
9558,0.0
9559,0.0
9560,0.0
9561,0.0
9562,0.0
9563,0.0
9564,0.0
9565,0.0
9566,0.0
9567,0.0
9568,0.0
9569,3.0
9570,0.0
9571,1.0
9572,0.0
9573,0.0
9574,0.0
9575,0.0
9576,0.0
9577,0.0
9578,0.0
9579,0.0
9580,0.0
9581,9.0
9582,9.0
9583,6.0
9584,0.0
9585,9.0
9586,3.0
9587,0.0
9588,0.0
9589,0.0
9590,0.0
9591,0.0
9592,0.0
9593,0.0
9594,0.0
9595,0.0
9596,0.0
9597,0.0
9598,0.0
9599,0.0
9600,0.0
9601,0.0
9602,0.0
9603,0.0
9604,0.0
9605,0.0
9606,0.0
9607,0.0
9608,0.0
9609,26.0
9610,0.0
9611,0.0
9612,5.0
9613,0.0
9614,0.0
9615,0.0
9616,5.0
9617,0.0
9618,23.0
9619,0.0
9620,0.0
9621,0.0
9622,0.0
9623,0.0
9624,0.0
9625,0.0
9626,0.0
9627,9.0
9628,7.0
9629,0.0
9630,0.0
9631,5.0
9632,30.0
9633,15.0
9634,140.0
9635,0.0
9636,1.0
9637,0.0
9638,1.0
9639,0.0
9640,0.0
9641,0.0
9642,0.0
9643,0.0
9644,0.0
9645,9.0
9646,0.0
9647,0.0
9648,0.0
9649,0.0
9650,0.0
9651,8.0
9652,0.0
9653,0.0
9654,0.0
9655,0.0
9656,27.0
9657,0.0
9658,0.0
9659,0.0
9660,0.0
9661,3.0
9662,0.0
9663,11.0
9664,0.0
9665,0.0
9666,0.0
9667,0.0
9668,0.0
9669,0.0
9670,9.0
9671,6.0
9672,0.0
9673,0.0
9674,24.0
9675,0.0
9676,0.0
9677,2.0
9678,0.0
9679,0.0
9680,0.0
9681,0.0
9682,0.0
9683,0.0
9684,0.0
9685,19.0
9686,0.0
9687,0.0
9688,0.0
9689,0.0
9690,0.0
9691,2.0
9692,67.0
9693,0.0
9694,0.0
9695,0.0
9696,0.0
9697,0.0
9698,0.0
9699,0.0
9700,0.0
9701,0.0
9702,0.0
9703,3.0
9704,0.0
9705,0.0
9706,0.0
9707,0.0
9708,0.0
9709,11.0
9710,0.0
9711,0.0
9712,0.0
9713,0.0
9714,0.0
9715,0.0
9716,0.0
9717,0.0
9718,10.0
9719,0.0
9720,0.0
9721,0.0
9722,0.0
9723,0.0
9724,0.0
9725,0.0
9726,0.0
9727,0.0
9728,0.0
9729,0.0
9730,10.0
9731,11.0
9732,11.0
9733,0.0
9734,0.0
9735,1.0
9736,11.0
9737,0.0
9738,0.0
9739,0.0
9740,0.0
9741,0.0
9742,0.0
9743,0.0
9744,0.0
9745,6.0
9746,0.0
9747,0.0
9748,16.0
9749,0.0
9750,0.0
9751,4.0
9752,0.0
9753,0.0
9754,0.0
9755,0.0
9756,0.0
9757,0.0
9758,0.0
9759,0.0
9760,0.0
9761,0.0
9762,4.0
9763,1.0
9764,0.0
9765,0.0
9766,0.0
9767,0.0
9768,0.0
9769,0.0
9770,0.0
9771,0.0
9772,0.0
9773,0.0
9774,0.0
9775,0.0
9776,0.0
9777,0.0
9778,0.0
9779,8.0
9780,0.0
9781,12.0
9782,0.0
9783,26.0
9784,0.0
9785,0.0
9786,28.0
9787,5.0
9788,0.0
9789,0.0
9790,0.0
9791,0.0
9792,0.0
9793,0.0
9794,1.0
9795,0.0
9796,24.0
9797,0.0
9798,0.0
9799,0.0
9800,0.0
9801,0.0
9802,0.0
9803,0.0
9804,0.0
9805,0.0
9806,1.0
9807,0.0
9808,2.0
9809,1.0
9810,0.0
9811,1.0
9812,0.0
9813,0.0
9814,0.0
9815,0.0
9816,0.0
9817,0.0
9818,0.0
9819,7.0
9820,0.0
9821,2.0
9822,0.0
9823,0.0
9824,0.0
9825,0.0
9826,0.0
9827,0.0
9828,0.0
9829,21.0
9830,8.0
9831,13.0
9832,8.0
9833,0.0
9834,0.0
9835,0.0
9836,3.0
9837,0.0
9838,0.0
9839,15.0
9840,0.0
9841,2.0
9842,11.0
9843,0.0
9844,6.0
9845,0.0
9846,0.0
9847,0.0
9848,0.0
9849,0.0
9850,0.0
9851,31.0
9852,0.0
9853,0.0
9854,0.0
9855,0.0
9856,0.0
9857,0.0
9858,0.0
9859,0.0
9860,0.0
9861,0.0
9862,0.0
9863,0.0
9864,0.0
9865,0.0
9866,0.0
9867,0.0
9868,0.0
9869,0.0
9870,11.0
9871,0.0
9872,0.0
9873,0.0
9874,0.0
9875,36.0
9876,9.0
9877,3.0
9878,0.0
9879,0.0
9880,0.0
9881,0.0
9882,10.0
9883,6.0
9884,8.0
9885,1.0
9886,0.0
9887,0.0
9888,0.0
9889,26.0
9890,0.0
9891,0.0
9892,0.0
9893,0.0
9894,0.0
9895,0.0
9896,0.0
9897,0.0
9898,0.0
9899,0.0
9900,3.0
9901,3.0
9902,0.0
9903,0.0
9904,0.0
9905,0.0
9906,0.0
9907,0.0
9908,4.0
9909,0.0
9910,2.0
9911,0.0
9912,0.0
9913,0.0
9914,0.0
9915,0.0
9916,0.0
9917,0.0
9918,0.0
9919,0.0
9920,0.0
9921,1.0
9922,0.0
9923,11.0
9924,9.0
9925,9.0
9926,0.0
9927,5.0
9928,9.0
9929,0.0
9930,0.0
9931,0.0
9932,0.0
9933,0.0
9934,20.0
9935,0.0
9936,0.0
9937,0.0
9938,0.0
9939,5.0
9940,0.0
9941,26.0
9942,0.0
9943,0.0
9944,23.0
9945,24.0
9946,14.0
9947,0.0
9948,26.0
9949,0.0
9950,0.0
9951,7.0
9952,26.0
9953,0.0
9954,0.0
9955,0.0
9956,4.0
9957,7.0
9958,43.0
9959,3.0
9960,1.0
9961,9.0
9962,8.0
9963,13.0
9964,0.0
9965,13.0
9966,11.0
9967,14.0
9968,7.0
9969,0.0
9970,8.0
9971,12.0
9972,28.0
9973,3.0
9974,4.0
9975,0.0
9976,8.0
9977,9.0
9978,10.0
9979,22.0
9980,0.0
9981,0.0
9982,0.0
9983,0.0
9984,0.0
9985,0.0
9986,0.0
9987,0.0
9988,0.0
9989,0.0
9990,0.0
9991,0.0
9992,2.0
9993,0.0
9994,7.0
9995,0.0
9996,0.0
9997,12.0
9998,1.0
9999,0.0
10000,35.0
10001,0.0
10002,0.0
10003,0.0
10004,0.0
10005,0.0
10006,0.0
10007,0.0
10008,0.0
10009,0.0
10010,23.0
10011,0.0
10012,3.0
10013,0.0
10014,27.0
10015,0.0
10016,0.0
10017,11.0
10018,0.0
10019,0.0
10020,1.0
10021,0.0
10022,0.0
10023,0.0
10024,0.0
10025,0.0
10026,0.0
10027,0.0
10028,1.0
10029,0.0
10030,0.0
10031,0.0
10032,0.0
10033,0.0
10034,0.0
10035,39.0
10036,0.0
10037,0.0
10038,20.0
10039,15.0
10040,33.0
10041,0.0
10042,0.0
10043,26.0
10044,72.0
10045,0.0
10046,0.0
10047,0.0
10048,0.0
10049,0.0
10050,0.0
10051,0.0
10052,0.0
10053,0.0
10054,14.0
10055,0.0
10056,0.0
10057,0.0
10058,0.0
10059,0.0
10060,0.0
10061,0.0
10062,0.0
10063,7.0
10064,0.0
10065,26.0
10066,1.0
10067,9.0
10068,0.0
10069,24.0
10070,0.0
10071,0.0
10072,0.0
10073,0.0
10074,0.0
10075,0.0
10076,0.0
10077,0.0
10078,0.0
10079,1.0
10080,0.0
10081,0.0
10082,0.0
10083,17.0
10084,36.0
10085,65.0
10086,0.0
10087,0.0
10088,0.0
10089,0.0
10090,34.0
10091,48.0
10092,20.0
10093,0.0
10094,0.0
10095,0.0
10096,0.0
10097,0.0
10098,0.0
10099,0.0
10100,0.0
10101,0.0
10102,0.0
10103,0.0
10104,0.0
10105,0.0
10106,5.0
10107,0.0
10108,0.0
10109,0.0
10110,17.0
10111,0.0
10112,0.0
10113,0.0
10114,0.0
10115,20.0
10116,0.0
10117,0.0
10118,0.0
10119,0.0
10120,0.0
10121,0.0
10122,0.0
10123,0.0
10124,15.0
10125,0.0
10126,8.0
10127,0.0
10128,8.0
10129,2.0
10130,0.0
10131,10.0
10132,13.0
10133,0.0
10134,4.0
10135,13.0
10136,5.0
10137,3.0
10138,1.0
10139,6.0
10140,5.0
10141,2.0
10142,0.0
10143,0.0
10144,0.0
10145,0.0
10146,0.0
10147,0.0
10148,2.0
10149,0.0
10150,0.0
10151,7.0
10152,26.0
10153,0.0
10154,7.0
10155,19.0
10156,9.0
10157,26.0
10158,3.0
10159,0.0
10160,0.0
10161,7.0
10162,2.0
10163,4.0
10164,1.0
10165,0.0
10166,3.0
10167,0.0
10168,2.0
10169,0.0
10170,0.0
10171,5.0
10172,0.0
10173,0.0
10174,0.0
10175,0.0
10176,19.0
10177,0.0
10178,0.0
10179,3.0
10180,0.0
10181,0.0
10182,0.0
10183,0.0
10184,0.0
10185,0.0
10186,0.0
10187,0.0
10188,0.0
10189,0.0
10190,0.0
10191,0.0
10192,0.0
10193,0.0
10194,0.0
10195,0.0
10196,6.0
10197,0.0
10198,6.0
10199,6.0
10200,0.0
10201,0.0
10202,0.0
10203,3.0
10204,0.0
10205,0.0
10206,0.0
10207,0.0
10208,59.0
10209,9.0
10210,0.0
10211,0.0
10212,0.0
10213,0.0
10214,0.0
10215,0.0
10216,0.0
10217,0.0
10218,0.0
10219,0.0
10220,10.0
10221,0.0
10222,0.0
10223,0.0
10224,0.0
10225,0.0
10226,5.0
10227,5.0
10228,0.0
10229,0.0
10230,0.0
10231,0.0
10232,0.0
10233,0.0
10234,2.0
10235,0.0
10236,8.0
10237,52.0
10238,0.0
10239,0.0
10240,0.0
10241,3.0
10242,0.0
10243,9.0
10244,0.0
10245,0.0
10246,0.0
10247,0.0
10248,0.0
10249,4.0
10250,0.0
10251,8.0
10252,0.0
10253,0.0
10254,0.0
10255,0.0
10256,0.0
10257,0.0
10258,0.0
10259,0.0
10260,4.0
10261,0.0
10262,0.0
10263,0.0
10264,7.0
10265,25.0
10266,4.0
10267,25.0
10268,0.0
10269,11.0
10270,0.0
10271,0.0
10272,0.0
10273,0.0
10274,0.0
10275,0.0
10276,0.0
10277,0.0
10278,0.0
10279,0.0
10280,0.0
10281,0.0
10282,0.0
10283,0.0
10284,0.0
10285,0.0
10286,0.0
10287,0.0
10288,1.0
10289,0.0
10290,0.0
10291,0.0
10292,0.0
10293,23.0
10294,0.0
10295,0.0
10296,0.0
10297,0.0
10298,0.0
10299,25.0
10300,0.0
10301,0.0
10302,42.0
10303,0.0
10304,0.0
10305,0.0
10306,0.0
10307,0.0
10308,0.0
10309,0.0
10310,13.0
10311,27.0
10312,0.0
10313,0.0
10314,0.0
10315,0.0
10316,0.0
10317,0.0
10318,0.0
10319,0.0
10320,34.0
10321,25.0
10322,19.0
10323,22.0
10324,19.0
10325,0.0
10326,24.0
10327,23.0
10328,21.0
10329,31.0
10330,61.0
10331,70.0
10332,38.0
10333,73.0
10334,90.0
10335,21.0
10336,24.0
10337,26.0
10338,24.0
10339,26.0
10340,23.0
10341,26.0
10342,91.0
10343,26.0
10344,26.0
10345,23.0
10346,26.0
10347,34.0
10348,24.0
10349,21.0
10350,0.0
10351,0.0
10352,0.0
10353,0.0
10354,0.0
10355,0.0
10356,0.0
10357,0.0
10358,0.0
10359,0.0
10360,0.0
10361,0.0
10362,0.0
10363,0.0
10364,0.0
10365,0.0
10366,0.0
10367,0.0
10368,0.0
10369,0.0
10370,11.0
10371,0.0
10372,17.0
10373,109.0
10374,58.0
10375,23.0
10376,24.0
10377,24.0
10378,74.0
10379,59.0
10380,23.0
10381,26.0
10382,26.0
10383,4.0
10384,7.0
10385,0.0
10386,0.0
10387,0.0
10388,37.0
10389,0.0
10390,0.0
10391,0.0
10392,65.0
10393,0.0
10394,0.0
10395,0.0
10396,0.0
10397,0.0
10398,0.0
10399,0.0
10400,0.0
10401,0.0
10402,0.0
10403,0.0
10404,0.0
10405,0.0
10406,0.0
10407,0.0
10408,0.0
10409,19.0
10410,0.0
10411,0.0
10412,18.0
10413,0.0
10414,0.0
10415,0.0
10416,0.0
10417,0.0
10418,0.0
10419,0.0
10420,0.0
10421,0.0
10422,0.0
10423,21.0
10424,21.0
10425,92.0
10426,24.0
10427,49.0
10428,14.0
10429,6.0
10430,26.0
10431,0.0
10432,24.0
10433,63.0
10434,19.0
10435,49.0
10436,25.0
10437,19.0
10438,61.0
10439,19.0
10440,63.0
10441,0.0
10442,0.0
10443,0.0
10444,0.0
10445,0.0
10446,0.0
10447,0.0
10448,0.0
10449,15.0
10450,40.0
10451,0.0
10452,0.0
10453,0.0
10454,0.0
10455,0.0
10456,0.0
10457,0.0
10458,0.0
10459,0.0
10460,0.0
10461,0.0
10462,0.0
10463,0.0
