itemID|demandPrediction
1|42
2|0
3|41
4|24
5|15
6|0
7|68
8|17
9|27
10|21
11|186
12|28
13|61
14|89
15|5
16|0
17|16
18|74
19|25
20|0
21|28
22|19
23|12
24|91
25|6
26|31
27|85
28|0
29|40
30|0
31|4
32|72
33|32
34|9
35|130
36|0
37|25
38|0
39|22
40|13
41|7
42|6
43|0
44|0
45|60
46|37
47|0
48|0
49|0
50|0
51|0
52|17
53|0
54|25
55|85
56|41
57|0
58|0
59|0
60|6
61|48
62|0
63|29
64|19
65|21
66|7
67|5
68|66
69|74
70|0
71|0
72|7
73|7
74|6
75|21
76|0
77|0
78|20
79|10
80|5
81|42
82|13
83|0
84|0
85|22
86|11
87|0
88|6
89|0
90|0
91|0
92|5
93|0
94|0
95|53
96|24
97|59
98|0
99|0
100|24
101|16
102|16
103|9
104|0
105|38
106|16
107|0
108|58
109|14
110|0
111|0
112|69
113|15
114|98
115|0
116|0
117|19
118|0
119|0
120|84
121|65
122|58
123|0
124|12
125|0
126|0
127|0
128|75
129|8
130|0
131|28
132|0
133|0
134|6
135|0
136|133
137|29
138|0
139|0
140|0
141|0
142|0
143|11
144|0
145|0
146|0
147|0
148|27
149|0
150|0
151|37
152|0
153|11
154|27
155|0
156|0
157|0
158|14
159|0
160|96
161|12
162|15
163|6
164|0
165|0
166|0
167|0
168|55
169|0
170|23
171|0
172|28
173|4
174|62
175|0
176|49
177|0
178|0
179|0
180|14
181|0
182|0
183|24
184|31
185|0
186|25
187|62
188|29
189|24
190|114
191|67
192|30
193|145
194|0
195|24
196|11
197|0
198|0
199|13
200|27
201|1
202|13
203|26
204|0
205|44
206|2
207|64
208|12
209|48
210|0
211|33
212|3
213|25
214|87
215|6
216|26
217|59
218|26
219|0
220|0
221|31
222|0
223|39
224|18
225|0
226|0
227|0
228|0
229|0
230|67
231|17
232|13
233|18
234|27
235|0
236|69
237|24
238|84
239|29
240|33
241|0
242|0
243|34
244|36
245|0
246|0
247|39
248|0
249|5
250|0
251|17
252|21
253|11
254|0
255|0
256|0
257|0
258|0
259|0
260|115
261|0
262|0
263|0
264|9
265|0
266|0
267|0
268|0
269|57
270|2
271|11
272|36
273|34
274|3
275|44
276|0
277|5
278|51
279|41
280|64
281|37
282|60
283|47
284|40
285|46
286|30
287|0
288|0
289|47
290|34
291|24
292|0
293|20
294|8
295|37
296|45
297|0
298|12
299|0
300|0
301|0
302|0
303|14
304|16
305|0
306|0
307|86
308|77
309|21
310|0
311|8
312|11
313|0
314|0
315|61
316|13
317|0
318|5
319|0
320|15
321|0
322|0
323|8
324|6
325|23
326|0
327|81
328|7
329|22
330|33
331|2
332|109
333|10
334|13
335|239
336|4
337|5
338|0
339|0
340|30
341|25
342|5
343|0
344|0
345|69
346|13
347|17
348|0
349|0
350|32
351|42
352|0
353|0
354|0
355|35
356|46
357|6
358|0
359|56
360|0
361|0
362|0
363|65
364|0
365|0
366|0
367|0
368|0
369|34
370|0
371|0
372|0
373|0
374|0
375|0
376|32
377|198
378|69
379|71
380|73
381|24
382|93
383|19
384|22
385|17
386|36
387|16
388|28
389|123
390|0
391|16
392|85
393|57
394|0
395|0
396|5
397|0
398|53
399|30
400|0
401|8
402|0
403|0
404|0
405|0
406|0
407|0
408|11
409|7
410|0
411|0
412|0
413|0
414|0
415|0
416|0
417|0
418|3
419|7
420|34
421|65
422|0
423|0
424|0
425|60
426|39
427|0
428|0
429|0
430|40
431|22
432|56
433|36
434|0
435|75
436|6
437|0
438|34
439|30
440|5
441|0
442|0
443|114
444|167
445|213
446|18
447|20
448|46
449|0
450|0
451|5
452|0
453|5
454|31
455|0
456|12
457|0
458|66
459|26
460|0
461|63
462|42
463|19
464|13
465|0
466|36
467|0
468|19
469|9
470|152
471|58
472|0
473|26
474|0
475|45
476|21
477|104
478|25
479|24
480|0
481|6
482|0
483|0
484|0
485|22
486|72
487|27
488|23
489|0
490|53
491|0
492|0
493|0
494|18
495|30
496|48
497|0
498|0
499|0
500|0
501|1
502|15
503|2
504|0
505|0
506|0
507|0
508|0
509|18
510|10
511|23
512|3
513|6
514|0
515|0
516|12
517|22
518|35
519|27
520|19
521|20
522|0
523|0
524|5
525|16
526|17
527|11
528|5
529|43
530|0
531|3
532|18
533|0
534|0
535|18
536|0
537|0
538|1
539|0
540|1
541|110
542|0
543|25
544|13
545|56
546|25
547|0
548|0
549|0
550|0
551|0
552|0
553|0
554|23
555|88
556|33
557|0
558|0
559|196
560|8
561|0
562|15
563|12
564|0
565|31
566|0
567|70
568|23
569|17
570|2
571|13
572|22
573|0
574|0
575|7
576|0
577|0
578|2
579|0
580|0
581|14
582|2
583|13
584|0
585|20
586|29
587|0
588|25
589|4
590|41
591|38
592|74
593|0
594|90
595|48
596|0
597|0
598|0
599|9
600|117
601|0
602|131
603|0
604|0
605|0
606|23
607|0
608|0
609|0
610|6
611|0
612|65
613|17
614|22
615|0
616|42
617|88
618|71
619|0
620|3
621|0
622|0
623|55
624|17
625|20
626|0
627|33
628|0
629|54
630|16
631|14
632|14
633|51
634|9
635|0
636|76
637|3
638|0
639|0
640|102
641|10
642|0
643|0
644|0
645|1
646|1
647|16
648|12
649|23
650|28
651|37
652|10
653|0
654|26
655|15
656|0
657|0
658|0
659|107
660|8
661|33
662|0
663|0
664|0
665|0
666|5
667|30
668|0
669|0
670|10
671|0
672|24
673|26
674|56
675|17
676|5
677|0
678|28
679|60
680|45
681|50
682|161
683|57
684|60
685|2
686|37
687|7
688|4
689|122
690|45
691|12
692|0
693|223
694|0
695|0
696|29
697|0
698|0
699|0
700|0
701|0
702|0
703|13
704|0
705|0
706|34
707|75
708|73
709|70
710|52
711|0
712|0
713|2
714|29
715|7
716|0
717|17
718|6
719|44
720|0
721|0
722|0
723|8
724|0
725|0
726|18
727|31
728|0
729|0
730|0
731|0
732|0
733|0
734|0
735|0
736|0
737|0
738|0
739|0
740|22
741|0
742|0
743|0
744|0
745|0
746|0
747|0
748|0
749|0
750|0
751|0
752|0
753|0
754|0
755|0
756|0
757|0
758|0
759|34
760|0
761|18
762|0
763|53
764|36
765|38
766|67
767|6
768|85
769|0
770|0
771|0
772|9
773|4
774|0
775|0
776|0
777|0
778|0
779|26
780|0
781|0
782|54
783|50
784|28
785|15
786|31
787|23
788|56
789|4
790|32
791|10
792|86
793|21
794|0
795|0
796|0
797|17
798|13
799|6
800|21
801|56
802|33
803|39
804|38
805|44
806|3
807|100
808|0
809|0
810|17
811|0
812|17
813|7
814|18
815|40
816|0
817|0
818|0
819|28
820|4
821|5
822|23
823|28
824|99
825|44
826|0
827|90
828|0
829|31
830|0
831|0
832|90
833|5
834|12
835|0
836|31
837|0
838|12
839|17
840|2
841|0
842|0
843|0
844|0
845|0
846|0
847|7
848|0
849|0
850|0
851|24
852|13
853|4
854|0
855|0
856|25
857|0
858|103
859|2
860|27
861|57
862|0
863|0
864|0
865|0
866|0
867|0
868|0
869|0
870|0
871|0
872|0
873|0
874|0
875|0
876|28
877|26
878|16
879|51
880|11
881|5
882|0
883|2
884|5
885|6
886|22
887|0
888|5
889|0
890|0
891|0
892|3
893|3
894|0
895|0
896|0
897|12
898|0
899|0
900|8
901|0
902|0
903|0
904|0
905|22
906|0
907|0
908|0
909|13
910|0
911|5
912|0
913|12
914|47
915|0
916|0
917|8
918|0
919|0
920|0
921|0
922|20
923|19
924|0
925|0
926|0
927|13
928|27
929|22
930|49
931|15
932|27
933|20
934|59
935|15
936|21
937|0
938|12
939|13
940|46
941|38
942|50
943|54
944|11
945|10
946|0
947|0
948|0
949|0
950|17
951|0
952|0
953|0
954|0
955|10
956|8
957|10
958|0
959|8
960|7
961|0
962|7
963|9
964|63
965|2
966|4
967|19
968|7
969|7
970|16
971|17
972|18
973|22
974|0
975|0
976|0
977|0
978|0
979|0
980|10
981|0
982|0
983|0
984|0
985|8
986|3
987|0
988|0
989|0
990|0
991|0
992|0
993|2
994|31
995|94
996|18
997|0
998|0
999|24
1000|0
1001|0
1002|14
1003|8
1004|22
1005|0
1006|0
1007|27
1008|2
1009|13
1010|16
1011|12
1012|0
1013|0
1014|0
1015|3
1016|0
1017|0
1018|0
1019|0
1020|3
1021|0
1022|11
1023|26
1024|2
1025|22
1026|0
1027|6
1028|0
1029|42
1030|10
1031|146
1032|11
1033|0
1034|19
1035|54
1036|0
1037|19
1038|51
1039|58
1040|0
1041|0
1042|0
1043|4
1044|0
1045|19
1046|26
1047|0
1048|0
1049|0
1050|0
1051|0
1052|0
1053|0
1054|0
1055|0
1056|0
1057|0
1058|0
1059|2
1060|0
1061|20
1062|17
1063|29
1064|0
1065|0
1066|7
1067|0
1068|12
1069|0
1070|0
1071|10
1072|21
1073|23
1074|8
1075|0
1076|0
1077|0
1078|0
1079|11
1080|41
1081|0
1082|47
1083|9
1084|14
1085|13
1086|0
1087|2
1088|10
1089|0
1090|0
1091|16
1092|16
1093|24
1094|6
1095|22
1096|5
1097|0
1098|7
1099|37
1100|15
1101|24
1102|18
1103|0
1104|36
1105|15
1106|30
1107|49
1108|7
1109|15
1110|0
1111|0
1112|0
1113|0
1114|3
1115|3
1116|3
1117|20
1118|17
1119|0
1120|5
1121|7
1122|0
1123|0
1124|0
1125|0
1126|39
1127|23
1128|26
1129|12
1130|27
1131|0
1132|38
1133|11
1134|34
1135|46
1136|130
1137|0
1138|0
1139|70
1140|36
1141|15
1142|0
1143|60
1144|0
1145|29
1146|39
1147|0
1148|9
1149|61
1150|0
1151|7
1152|0
1153|2
1154|2
1155|10
1156|0
1157|3
1158|0
1159|0
1160|15
1161|0
1162|0
1163|11
1164|22
1165|0
1166|0
1167|9
1168|0
1169|0
1170|16
1171|12
1172|0
1173|0
1174|0
1175|0
1176|4
1177|22
1178|0
1179|14
1180|7
1181|3
1182|0
1183|0
1184|0
1185|0
1186|0
1187|0
1188|0
1189|0
1190|0
1191|0
1192|6
1193|78
1194|0
1195|0
1196|23
1197|0
1198|0
1199|0
1200|0
1201|0
1202|0
1203|0
1204|0
1205|0
1206|0
1207|6
1208|0
1209|0
1210|0
1211|6
1212|0
1213|0
1214|7
1215|0
1216|0
1217|2
1218|0
1219|47
1220|0
1221|78
1222|13
1223|31
1224|67
1225|8
1226|8
1227|28
1228|25
1229|48
1230|42
1231|48
1232|0
1233|18
1234|13
1235|0
1236|14
1237|0
1238|40
1239|6
1240|0
1241|13
1242|134
1243|209
1244|3
1245|11
1246|0
1247|0
1248|18
1249|0
1250|0
1251|0
1252|0
1253|16
1254|0
1255|0
1256|0
1257|0
1258|3
1259|0
1260|0
1261|42
1262|22
1263|30
1264|0
1265|11
1266|0
1267|0
1268|4
1269|0
1270|45
1271|0
1272|7
1273|10
1274|0
1275|6
1276|36
1277|0
1278|12
1279|8
1280|9
1281|0
1282|95
1283|0
1284|0
1285|6
1286|32
1287|2
1288|10
1289|0
1290|9
1291|9
1292|29
1293|0
1294|38
1295|18
1296|10
1297|0
1298|47
1299|11
1300|18
1301|2
1302|34
1303|64
1304|0
1305|0
1306|0
1307|9
1308|111
1309|0
1310|0
1311|33
1312|24
1313|25
1314|26
1315|22
1316|19
1317|0
1318|0
1319|14
1320|10
1321|0
1322|0
1323|0
1324|26
1325|0
1326|15
1327|0
1328|5
1329|39
1330|28
1331|0
1332|0
1333|0
1334|8
1335|184
1336|0
1337|0
1338|0
1339|0
1340|0
1341|0
1342|0
1343|0
1344|3
1345|0
1346|0
1347|16
1348|0
1349|5
1350|5
1351|0
1352|0
1353|0
1354|21
1355|0
1356|0
1357|34
1358|20
1359|42
1360|0
1361|0
1362|20
1363|26
1364|12
1365|0
1366|0
1367|0
1368|0
1369|4
1370|95
1371|110
1372|0
1373|88
1374|81
1375|78
1376|68
1377|160
1378|64
1379|140
1380|212
1381|0
1382|0
1383|0
1384|0
1385|0
1386|8
1387|0
1388|0
1389|1
1390|0
1391|0
1392|0
1393|0
1394|0
1395|18
1396|37
1397|0
1398|0
1399|2
1400|0
1401|0
1402|0
1403|7
1404|19
1405|14
1406|12
1407|91
1408|0
1409|0
1410|0
1411|9
1412|43
1413|0
1414|0
1415|0
1416|0
1417|0
1418|0
1419|0
1420|4
1421|0
1422|0
1423|6
1424|6
1425|0
1426|137
1427|48
1428|155
1429|120
1430|124
1431|9
1432|0
1433|0
1434|6
1435|0
1436|0
1437|0
1438|0
1439|0
1440|0
1441|0
1442|0
1443|44
1444|43
1445|45
1446|25
1447|44
1448|53
1449|42
1450|125
1451|0
1452|119
1453|0
1454|0
1455|11
1456|21
1457|41
1458|0
1459|0
1460|0
1461|0
1462|0
1463|0
1464|0
1465|0
1466|0
1467|0
1468|0
1469|0
1470|0
1471|21
1472|0
1473|17
1474|0
1475|0
1476|0
1477|25
1478|0
1479|2
1480|17
1481|1
1482|0
1483|0
1484|0
1485|0
1486|15
1487|8
1488|0
1489|0
1490|28
1491|0
1492|7
1493|11
1494|0
1495|0
1496|0
1497|2
1498|22
1499|0
1500|7
1501|0
1502|10
1503|162
1504|63
1505|0
1506|54
1507|47
1508|13
1509|0
1510|0
1511|0
1512|12
1513|51
1514|0
1515|37
1516|17
1517|6
1518|0
1519|0
1520|10
1521|0
1522|0
1523|0
1524|0
1525|16
1526|0
1527|13
1528|1
1529|1
1530|6
1531|0
1532|0
1533|1
1534|0
1535|0
1536|6
1537|0
1538|0
1539|0
1540|0
1541|44
1542|61
1543|63
1544|50
1545|46
1546|0
1547|0
1548|0
1549|227
1550|82
1551|90
1552|71
1553|0
1554|1
1555|0
1556|0
1557|23
1558|0
1559|89
1560|135
1561|0
1562|35
1563|12
1564|36
1565|0
1566|44
1567|98
1568|87
1569|45
1570|29
1571|95
1572|64
1573|0
1574|46
1575|97
1576|28
1577|53
1578|44
1579|48
1580|0
1581|0
1582|0
1583|41
1584|148
1585|29
1586|35
1587|28
1588|149
1589|56
1590|69
1591|58
1592|102
1593|141
1594|0
1595|0
1596|104
1597|50
1598|0
1599|0
1600|0
1601|0
1602|0
1603|0
1604|1
1605|153
1606|33
1607|43
1608|75
1609|38
1610|36
1611|216
1612|123
1613|14
1614|13
1615|20
1616|26
1617|9
1618|0
1619|66
1620|53
1621|61
1622|0
1623|0
1624|0
1625|0
1626|81
1627|2
1628|86
1629|73
1630|0
1631|31
1632|17
1633|13
1634|16
1635|37
1636|0
1637|60
1638|37
1639|26
1640|110
1641|0
1642|0
1643|0
1644|0
1645|0
1646|0
1647|0
1648|0
1649|0
1650|0
1651|0
1652|0
1653|0
1654|0
1655|0
1656|0
1657|0
1658|0
1659|0
1660|0
1661|0
1662|0
1663|0
1664|0
1665|0
1666|0
1667|0
1668|0
1669|0
1670|0
1671|0
1672|0
1673|24
1674|31
1675|59
1676|190
1677|83
1678|217
1679|146
1680|236
1681|134
1682|47
1683|46
1684|113
1685|65
1686|107
1687|120
1688|57
1689|73
1690|73
1691|93
1692|79
1693|178
1694|117
1695|222
1696|1
1697|85
1698|243
1699|105
1700|88
1701|180
1702|73
1703|226
1704|18
1705|194
1706|214
1707|75
1708|140
1709|57
1710|0
1711|0
1712|0
1713|0
1714|0
1715|0
1716|0
1717|0
1718|0
1719|0
1720|0
1721|0
1722|0
1723|0
1724|7
1725|12
1726|0
1727|0
1728|0
1729|12
1730|7
1731|49
1732|3
1733|3
1734|3
1735|1
1736|0
1737|0
1738|0
1739|0
1740|0
1741|0
1742|0
1743|0
1744|0
1745|0
1746|0
1747|0
1748|0
1749|0
1750|0
1751|0
1752|0
1753|0
1754|0
1755|0
1756|0
1757|0
1758|0
1759|0
1760|0
1761|0
1762|0
1763|0
1764|0
1765|0
1766|0
1767|0
1768|20
1769|0
1770|5
1771|12
1772|15
1773|5
1774|12
1775|12
1776|247
1777|120
1778|27
1779|45
1780|74
1781|58
1782|0
1783|24
1784|48
1785|36
1786|20
1787|0
1788|0
1789|0
1790|0
1791|0
1792|0
1793|0
1794|0
1795|0
1796|0
1797|0
1798|0
1799|0
1800|0
1801|0
1802|0
1803|0
1804|0
1805|0
1806|0
1807|37
1808|2
1809|62
1810|40
1811|39
1812|37
1813|43
1814|29
1815|18
1816|9
1817|13
1818|17
1819|34
1820|0
1821|5
1822|63
1823|53
1824|7
1825|17
1826|34
1827|30
1828|15
1829|0
1830|20
1831|7
1832|5
1833|0
1834|21
1835|0
1836|14
1837|25
1838|53
1839|37
1840|7
1841|49
1842|20
1843|16
1844|10
1845|18
1846|15
1847|40
1848|29
1849|9
1850|26
1851|39
1852|4
1853|25
1854|40
1855|0
1856|0
1857|27
1858|39
1859|124
1860|55
1861|135
1862|114
1863|73
1864|0
1865|0
1866|32
1867|10
1868|19
1869|26
1870|35
1871|5
1872|0
1873|107
1874|34
1875|95
1876|0
1877|0
1878|8
1879|2
1880|10
1881|40
1882|59
1883|14
1884|35
1885|55
1886|36
1887|6
1888|50
1889|1
1890|2
1891|0
1892|4
1893|0
1894|0
1895|0
1896|0
1897|9
1898|8
1899|0
1900|8
1901|0
1902|15
1903|29
1904|29
1905|24
1906|33
1907|0
1908|62
1909|8
1910|74
1911|47
1912|0
1913|14
1914|12
1915|28
1916|2
1917|8
1918|0
1919|40
1920|43
1921|0
1922|30
1923|3
1924|8
1925|0
1926|20
1927|0
1928|0
1929|2
1930|3
1931|24
1932|0
1933|0
1934|26
1935|16
1936|0
1937|0
1938|6
1939|9
1940|38
1941|0
1942|51
1943|21
1944|23
1945|0
1946|40
1947|10
1948|0
1949|22
1950|4
1951|0
1952|0
1953|2
1954|75
1955|40
1956|0
1957|11
1958|0
1959|23
1960|0
1961|0
1962|46
1963|12
1964|25
1965|54
1966|108
1967|65
1968|39
1969|104
1970|65
1971|52
1972|1
1973|0
1974|94
1975|38
1976|25
1977|40
1978|17
1979|24
1980|37
1981|0
1982|0
1983|78
1984|10
1985|37
1986|0
1987|0
1988|0
1989|59
1990|0
1991|0
1992|0
1993|0
1994|0
1995|0
1996|18
1997|0
1998|9
1999|93
2000|85
2001|116
2002|78
2003|42
2004|26
2005|33
2006|53
2007|73
2008|13
2009|0
2010|50
2011|73
2012|63
2013|75
2014|89
2015|46
2016|30
2017|24
2018|1
2019|23
2020|40
2021|16
2022|28
2023|0
2024|60
2025|28
2026|9
2027|0
2028|36
2029|22
2030|65
2031|18
2032|8
2033|0
2034|31
2035|0
2036|23
2037|4
2038|8
2039|16
2040|3
2041|46
2042|100
2043|26
2044|139
2045|26
2046|0
2047|32
2048|91
2049|74
2050|48
2051|77
2052|67
2053|122
2054|51
2055|59
2056|39
2057|0
2058|0
2059|77
2060|0
2061|33
2062|42
2063|38
2064|28
2065|37
2066|33
2067|36
2068|57
2069|18
2070|79
2071|45
2072|23
2073|24
2074|49
2075|15
2076|36
2077|20
2078|14
2079|36
2080|18
2081|56
2082|0
2083|53
2084|32
2085|6
2086|18
2087|13
2088|3
2089|43
2090|70
2091|89
2092|30
2093|21
2094|22
2095|13
2096|31
2097|28
2098|34
2099|24
2100|0
2101|17
2102|28
2103|0
2104|31
2105|25
2106|35
2107|33
2108|37
2109|19
2110|37
2111|9
2112|20
2113|0
2114|0
2115|0
2116|8
2117|10
2118|0
2119|16
2120|0
2121|25
2122|8
2123|45
2124|45
2125|0
2126|0
2127|3
2128|3
2129|0
2130|0
2131|0
2132|0
2133|24
2134|23
2135|24
2136|14
2137|20
2138|22
2139|37
2140|17
2141|14
2142|27
2143|33
2144|12
2145|0
2146|11
2147|43
2148|0
2149|43
2150|44
2151|48
2152|46
2153|0
2154|2
2155|0
2156|10
2157|32
2158|0
2159|0
2160|2
2161|0
2162|0
2163|0
2164|6
2165|0
2166|15
2167|0
2168|52
2169|14
2170|23
2171|6
2172|44
2173|75
2174|0
2175|28
2176|17
2177|10
2178|19
2179|9
2180|90
2181|87
2182|3
2183|0
2184|0
2185|0
2186|0
2187|0
2188|0
2189|0
2190|0
2191|0
2192|41
2193|17
2194|1
2195|4
2196|54
2197|27
2198|15
2199|22
2200|0
2201|6
2202|22
2203|95
2204|80
2205|18
2206|84
2207|23
2208|0
2209|5
2210|48
2211|0
2212|24
2213|25
2214|24
2215|0
2216|13
2217|46
2218|48
2219|71
2220|96
2221|58
2222|30
2223|71
2224|62
2225|69
2226|46
2227|68
2228|119
2229|71
2230|56
2231|0
2232|29
2233|65
2234|11
2235|83
2236|0
2237|12
2238|23
2239|20
2240|64
2241|0
2242|2
2243|24
2244|0
2245|40
2246|0
2247|37
2248|32
2249|48
2250|85
2251|0
2252|46
2253|37
2254|37
2255|31
2256|36
2257|26
2258|0
2259|17
2260|4
2261|58
2262|34
2263|36
2264|47
2265|35
2266|3
2267|51
2268|15
2269|35
2270|33
2271|62
2272|37
2273|65
2274|13
2275|66
2276|29
2277|82
2278|0
2279|28
2280|48
2281|76
2282|49
2283|49
2284|64
2285|16
2286|0
2287|10
2288|0
2289|8
2290|4
2291|14
2292|0
2293|0
2294|4
2295|4
2296|9
2297|0
2298|0
2299|13
2300|26
2301|38
2302|26
2303|15
2304|24
2305|58
2306|33
2307|1
2308|34
2309|0
2310|34
2311|0
2312|0
2313|9
2314|0
2315|14
2316|0
2317|0
2318|0
2319|0
2320|0
2321|0
2322|0
2323|58
2324|58
2325|0
2326|58
2327|14
2328|70
2329|75
2330|82
2331|0
2332|65
2333|70
2334|2
2335|77
2336|159
2337|39
2338|38
2339|58
2340|104
2341|49
2342|0
2343|20
2344|0
2345|32
2346|0
2347|28
2348|0
2349|39
2350|103
2351|28
2352|18
2353|9
2354|15
2355|22
2356|29
2357|23
2358|16
2359|39
2360|1
2361|31
2362|0
2363|0
2364|54
2365|23
2366|65
2367|6
2368|13
2369|15
2370|38
2371|52
2372|107
2373|4
2374|6
2375|8
2376|51
2377|48
2378|18
2379|41
2380|31
2381|104
2382|55
2383|36
2384|0
2385|19
2386|26
2387|148
2388|44
2389|53
2390|36
2391|32
2392|41
2393|22
2394|19
2395|124
2396|55
2397|59
2398|116
2399|93
2400|20
2401|139
2402|80
2403|68
2404|72
2405|82
2406|0
2407|90
2408|7
2409|60
2410|80
2411|0
2412|0
2413|0
2414|29
2415|0
2416|3
2417|0
2418|0
2419|17
2420|21
2421|0
2422|0
2423|34
2424|7
2425|10
2426|27
2427|0
2428|17
2429|45
2430|0
2431|37
2432|4
2433|22
2434|81
2435|51
2436|70
2437|14
2438|0
2439|26
2440|27
2441|18
2442|37
2443|17
2444|21
2445|0
2446|2
2447|7
2448|55
2449|62
2450|20
2451|20
2452|42
2453|9
2454|36
2455|0
2456|36
2457|19
2458|0
2459|36
2460|0
2461|41
2462|11
2463|0
2464|42
2465|27
2466|59
2467|0
2468|8
2469|0
2470|0
2471|29
2472|25
2473|0
2474|0
2475|23
2476|22
2477|61
2478|23
2479|0
2480|79
2481|16
2482|47
2483|34
2484|36
2485|34
2486|34
2487|59
2488|12
2489|24
2490|6
2491|37
2492|0
2493|0
2494|0
2495|0
2496|0
2497|104
2498|105
2499|90
2500|83
2501|84
2502|109
2503|0
2504|0
2505|0
2506|0
2507|0
2508|0
2509|0
2510|0
2511|0
2512|27
2513|36
2514|38
2515|33
2516|27
2517|60
2518|51
2519|18
2520|67
2521|21
2522|109
2523|78
2524|34
2525|63
2526|68
2527|45
2528|32
2529|0
2530|94
2531|0
2532|29
2533|5
2534|86
2535|97
2536|64
2537|188
2538|3
2539|48
2540|21
2541|73
2542|46
2543|36
2544|0
2545|0
2546|0
2547|0
2548|0
2549|0
2550|0
2551|0
2552|0
2553|0
2554|34
2555|19
2556|0
2557|11
2558|19
2559|0
2560|0
2561|8
2562|0
2563|0
2564|0
2565|17
2566|0
2567|28
2568|10
2569|32
2570|61
2571|19
2572|16
2573|0
2574|0
2575|0
2576|0
2577|7
2578|0
2579|0
2580|50
2581|90
2582|52
2583|68
2584|20
2585|22
2586|57
2587|10
2588|35
2589|30
2590|24
2591|0
2592|73
2593|0
2594|0
2595|0
2596|0
2597|0
2598|0
2599|0
2600|0
2601|0
2602|0
2603|0
2604|11
2605|0
2606|0
2607|30
2608|0
2609|0
2610|0
2611|0
2612|0
2613|41
2614|81
2615|12
2616|33
2617|0
2618|8
2619|21
2620|14
2621|10
2622|14
2623|0
2624|11
2625|22
2626|50
2627|12
2628|2
2629|7
2630|22
2631|24
2632|55
2633|59
2634|45
2635|44
2636|15
2637|30
2638|93
2639|5
2640|43
2641|49
2642|63
2643|36
2644|25
2645|38
2646|25
2647|43
2648|37
2649|39
2650|27
2651|43
2652|74
2653|51
2654|63
2655|105
2656|76
2657|82
2658|108
2659|40
2660|0
2661|191
2662|64
2663|105
2664|59
2665|51
2666|45
2667|72
2668|0
2669|0
2670|13
2671|56
2672|79
2673|95
2674|51
2675|8
2676|31
2677|63
2678|51
2679|69
2680|117
2681|90
2682|60
2683|94
2684|0
2685|103
2686|43
2687|10
2688|60
2689|125
2690|0
2691|0
2692|0
2693|0
2694|15
2695|0
2696|12
2697|14
2698|0
2699|13
2700|4
2701|0
2702|10
2703|0
2704|0
2705|0
2706|6
2707|37
2708|40
2709|91
2710|56
2711|79
2712|10
2713|34
2714|42
2715|0
2716|93
2717|0
2718|0
2719|68
2720|0
2721|25
2722|19
2723|51
2724|0
2725|0
2726|24
2727|41
2728|0
2729|20
2730|0
2731|0
2732|0
2733|0
2734|22
2735|0
2736|4
2737|18
2738|0
2739|21
2740|4
2741|1
2742|5
2743|17
2744|7
2745|36
2746|56
2747|24
2748|75
2749|12
2750|98
2751|11
2752|58
2753|75
2754|19
2755|96
2756|78
2757|48
2758|0
2759|0
2760|0
2761|20
2762|25
2763|62
2764|86
2765|39
2766|8
2767|19
2768|2
2769|71
2770|32
2771|0
2772|0
2773|35
2774|71
2775|40
2776|132
2777|30
2778|16
2779|0
2780|0
2781|24
2782|0
2783|0
2784|0
2785|0
2786|0
2787|0
2788|0
2789|0
2790|0
2791|0
2792|0
2793|0
2794|0
2795|0
2796|0
2797|0
2798|89
2799|90
2800|0
2801|0
2802|0
2803|0
2804|9
2805|62
2806|54
2807|0
2808|0
2809|0
2810|20
2811|0
2812|0
2813|0
2814|11
2815|0
2816|0
2817|13
2818|0
2819|0
2820|21
2821|0
2822|36
2823|20
2824|0
2825|0
2826|0
2827|0
2828|0
2829|0
2830|9
2831|0
2832|10
2833|0
2834|0
2835|0
2836|0
2837|0
2838|0
2839|0
2840|0
2841|15
2842|0
2843|0
2844|0
2845|0
2846|13
2847|0
2848|0
2849|0
2850|0
2851|1
2852|0
2853|54
2854|16
2855|17
2856|81
2857|41
2858|0
2859|4
2860|48
2861|0
2862|0
2863|4
2864|44
2865|143
2866|33
2867|116
2868|89
2869|81
2870|64
2871|44
2872|122
2873|73
2874|126
2875|35
2876|118
2877|3
2878|0
2879|20
2880|2
2881|6
2882|74
2883|22
2884|1
2885|4
2886|0
2887|0
2888|18
2889|16
2890|12
2891|0
2892|20
2893|14
2894|4
2895|0
2896|0
2897|0
2898|14
2899|4
2900|0
2901|10
2902|0
2903|0
2904|0
2905|31
2906|0
2907|18
2908|0
2909|0
2910|0
2911|117
2912|81
2913|0
2914|0
2915|18
2916|0
2917|0
2918|16
2919|0
2920|15
2921|33
2922|31
2923|0
2924|15
2925|0
2926|70
2927|0
2928|0
2929|0
2930|0
2931|144
2932|118
2933|11
2934|18
2935|24
2936|12
2937|6
2938|0
2939|88
2940|0
2941|0
2942|0
2943|0
2944|0
2945|0
2946|47
2947|0
2948|0
2949|0
2950|0
2951|0
2952|0
2953|21
2954|0
2955|13
2956|19
2957|8
2958|0
2959|0
2960|0
2961|10
2962|33
2963|8
2964|8
2965|27
2966|5
2967|0
2968|0
2969|10
2970|27
2971|54
2972|0
2973|28
2974|38
2975|0
2976|0
2977|27
2978|10
2979|0
2980|0
2981|3
2982|17
2983|19
2984|0
2985|11
2986|26
2987|12
2988|8
2989|0
2990|0
2991|8
2992|45
2993|0
2994|0
2995|17
2996|0
2997|0
2998|0
2999|0
3000|0
3001|30
3002|20
3003|7
3004|0
3005|8
3006|0
3007|0
3008|5
3009|0
3010|0
3011|7
3012|0
3013|19
3014|7
3015|36
3016|0
3017|16
3018|85
3019|84
3020|0
3021|0
3022|19
3023|62
3024|0
3025|62
3026|34
3027|9
3028|45
3029|73
3030|2
3031|70
3032|30
3033|39
3034|15
3035|30
3036|27
3037|0
3038|0
3039|0
3040|39
3041|0
3042|0
3043|9
3044|0
3045|0
3046|19
3047|0
3048|0
3049|0
3050|19
3051|32
3052|0
3053|0
3054|27
3055|0
3056|0
3057|21
3058|0
3059|13
3060|21
3061|23
3062|1
3063|0
3064|0
3065|0
3066|9
3067|3
3068|10
3069|0
3070|0
3071|0
3072|19
3073|0
3074|0
3075|7
3076|0
3077|0
3078|17
3079|0
3080|0
3081|0
3082|0
3083|0
3084|0
3085|0
3086|0
3087|0
3088|0
3089|0
3090|13
3091|8
3092|0
3093|0
3094|0
3095|0
3096|0
3097|0
3098|0
3099|0
3100|15
3101|0
3102|0
3103|17
3104|0
3105|0
3106|0
3107|0
3108|0
3109|0
3110|0
3111|0
3112|0
3113|0
3114|0
3115|0
3116|1
3117|0
3118|0
3119|0
3120|11
3121|11
3122|18
3123|0
3124|0
3125|0
3126|0
3127|28
3128|14
3129|4
3130|2
3131|100
3132|103
3133|5
3134|4
3135|0
3136|0
3137|80
3138|3
3139|39
3140|48
3141|19
3142|22
3143|24
3144|25
3145|38
3146|8
3147|9
3148|0
3149|41
3150|0
3151|32
3152|14
3153|23
3154|0
3155|60
3156|72
3157|46
3158|0
3159|79
3160|35
3161|23
3162|7
3163|34
3164|26
3165|21
3166|2
3167|12
3168|1
3169|11
3170|6
3171|0
3172|1
3173|0
3174|0
3175|0
3176|5
3177|0
3178|0
3179|32
3180|21
3181|6
3182|26
3183|12
3184|5
3185|40
3186|38
3187|19
3188|45
3189|25
3190|7
3191|1
3192|55
3193|34
3194|9
3195|0
3196|3
3197|14
3198|23
3199|14
3200|62
3201|26
3202|40
3203|8
3204|28
3205|42
3206|50
3207|38
3208|23
3209|13
3210|51
3211|18
3212|0
3213|28
3214|20
3215|3
3216|56
3217|47
3218|43
3219|13
3220|43
3221|9
3222|96
3223|14
3224|6
3225|46
3226|29
3227|36
3228|18
3229|37
3230|50
3231|44
3232|26
3233|21
3234|13
3235|29
3236|65
3237|41
3238|20
3239|30
3240|55
3241|13
3242|33
3243|51
3244|20
3245|31
3246|24
3247|32
3248|97
3249|26
3250|29
3251|36
3252|57
3253|4
3254|57
3255|95
3256|122
3257|40
3258|62
3259|92
3260|69
3261|61
3262|37
3263|73
3264|47
3265|95
3266|61
3267|61
3268|92
3269|82
3270|41
3271|52
3272|13
3273|87
3274|41
3275|24
3276|66
3277|90
3278|20
3279|9
3280|3
3281|18
3282|101
3283|0
3284|30
3285|43
3286|133
3287|11
3288|39
3289|18
3290|0
3291|55
3292|30
3293|19
3294|0
3295|0
3296|37
3297|94
3298|0
3299|26
3300|45
3301|10
3302|18
3303|35
3304|38
3305|27
3306|60
3307|32
3308|0
3309|2
3310|0
3311|15
3312|68
3313|31
3314|19
3315|22
3316|22
3317|14
3318|19
3319|107
3320|3
3321|105
3322|0
3323|11
3324|44
3325|0
3326|17
3327|20
3328|26
3329|52
3330|9
3331|54
3332|9
3333|20
3334|48
3335|25
3336|25
3337|0
3338|5
3339|0
3340|22
3341|44
3342|38
3343|41
3344|100
3345|62
3346|25
3347|12
3348|27
3349|46
3350|36
3351|37
3352|58
3353|45
3354|176
3355|33
3356|16
3357|148
3358|60
3359|37
3360|50
3361|43
3362|38
3363|39
3364|38
3365|0
3366|14
3367|1
3368|59
3369|29
3370|14
3371|10
3372|42
3373|0
3374|1
3375|248
3376|5
3377|0
3378|8
3379|14
3380|0
3381|8
3382|18
3383|45
3384|38
3385|0
3386|35
3387|25
3388|6
3389|28
3390|0
3391|9
3392|31
3393|23
3394|11
3395|39
3396|0
3397|2
3398|0
3399|11
3400|0
3401|0
3402|63
3403|22
3404|43
3405|0
3406|43
3407|26
3408|25
3409|32
3410|5
3411|3
3412|28
3413|43
3414|14
3415|6
3416|8
3417|55
3418|45
3419|47
3420|27
3421|24
3422|11
3423|28
3424|24
3425|11
3426|68
3427|15
3428|58
3429|21
3430|13
3431|29
3432|57
3433|58
3434|8
3435|25
3436|44
3437|65
3438|8
3439|72
3440|34
3441|77
3442|28
3443|72
3444|57
3445|32
3446|92
3447|60
3448|39
3449|57
3450|27
3451|42
3452|44
3453|45
3454|50
3455|22
3456|34
3457|75
3458|20
3459|24
3460|58
3461|0
3462|13
3463|0
3464|22
3465|0
3466|46
3467|8
3468|42
3469|20
3470|14
3471|197
3472|0
3473|16
3474|19
3475|45
3476|36
3477|0
3478|51
3479|52
3480|91
3481|49
3482|35
3483|24
3484|50
3485|0
3486|0
3487|46
3488|0
3489|0
3490|1
3491|25
3492|33
3493|42
3494|37
3495|42
3496|17
3497|91
3498|0
3499|72
3500|106
3501|50
3502|77
3503|3
3504|18
3505|27
3506|7
3507|44
3508|36
3509|54
3510|8
3511|0
3512|12
3513|42
3514|57
3515|14
3516|0
3517|18
3518|15
3519|8
3520|65
3521|2
3522|0
3523|22
3524|31
3525|16
3526|42
3527|13
3528|13
3529|17
3530|13
3531|9
3532|177
3533|13
3534|0
3535|46
3536|14
3537|7
3538|6
3539|12
3540|19
3541|18
3542|156
3543|25
3544|18
3545|27
3546|0
3547|29
3548|13
3549|22
3550|132
3551|30
3552|25
3553|29
3554|50
3555|0
3556|101
3557|5
3558|18
3559|0
3560|44
3561|36
3562|14
3563|47
3564|20
3565|8
3566|22
3567|0
3568|3
3569|10
3570|32
3571|29
3572|1
3573|9
3574|55
3575|55
3576|45
3577|21
3578|57
3579|15
3580|24
3581|11
3582|11
3583|0
3584|15
3585|0
3586|8
3587|14
3588|1
3589|6
3590|26
3591|72
3592|0
3593|30
3594|2
3595|28
3596|54
3597|9
3598|11
3599|30
3600|11
3601|9
3602|57
3603|6
3604|13
3605|40
3606|66
3607|81
3608|23
3609|0
3610|0
3611|0
3612|69
3613|0
3614|0
3615|0
3616|18
3617|66
3618|28
3619|5
3620|27
3621|28
3622|0
3623|44
3624|43
3625|60
3626|49
3627|79
3628|15
3629|0
3630|0
3631|149
3632|36
3633|22
3634|34
3635|3
3636|39
3637|0
3638|15
3639|102
3640|67
3641|66
3642|49
3643|51
3644|41
3645|152
3646|88
3647|103
3648|99
3649|198
3650|91
3651|40
3652|151
3653|112
3654|104
3655|83
3656|121
3657|160
3658|107
3659|225
3660|209
3661|32
3662|0
3663|6
3664|67
3665|20
3666|36
3667|11
3668|63
3669|59
3670|47
3671|44
3672|61
3673|29
3674|44
3675|98
3676|0
3677|0
3678|18
3679|29
3680|0
3681|27
3682|38
3683|11
3684|0
3685|31
3686|32
3687|34
3688|49
3689|0
3690|34
3691|49
3692|10
3693|30
3694|14
3695|13
3696|9
3697|191
3698|110
3699|129
3700|22
3701|107
3702|0
3703|20
3704|1
3705|197
3706|37
3707|20
3708|38
3709|30
3710|33
3711|32
3712|22
3713|23
3714|12
3715|7
3716|61
3717|35
3718|126
3719|20
3720|19
3721|143
3722|31
3723|92
3724|32
3725|234
3726|14
3727|44
3728|12
3729|39
3730|0
3731|3
3732|52
3733|52
3734|11
3735|0
3736|8
3737|32
3738|36
3739|0
3740|1
3741|18
3742|17
3743|44
3744|20
3745|28
3746|45
3747|24
3748|40
3749|19
3750|22
3751|34
3752|83
3753|106
3754|51
3755|35
3756|7
3757|11
3758|18
3759|11
3760|27
3761|20
3762|29
3763|29
3764|18
3765|5
3766|9
3767|11
3768|32
3769|15
3770|17
3771|0
3772|57
3773|17
3774|33
3775|178
3776|0
3777|0
3778|0
3779|1
3780|0
3781|19
3782|17
3783|0
3784|22
3785|39
3786|16
3787|46
3788|19
3789|25
3790|1
3791|31
3792|21
3793|53
3794|0
3795|97
3796|10
3797|0
3798|8
3799|24
3800|46
3801|25
3802|24
3803|28
3804|25
3805|18
3806|23
3807|14
3808|52
3809|15
3810|43
3811|22
3812|51
3813|40
3814|18
3815|56
3816|63
3817|58
3818|12
3819|35
3820|54
3821|0
3822|20
3823|38
3824|19
3825|13
3826|40
3827|20
3828|5
3829|14
3830|37
3831|13
3832|47
3833|0
3834|8
3835|49
3836|20
3837|0
3838|7
3839|0
3840|5
3841|55
3842|8
3843|36
3844|0
3845|20
3846|15
3847|49
3848|23
3849|0
3850|4
3851|0
3852|137
3853|11
3854|0
3855|0
3856|3
3857|11
3858|0
3859|79
3860|25
3861|70
3862|18
3863|20
3864|68
3865|67
3866|69
3867|25
3868|79
3869|60
3870|35
3871|74
3872|41
3873|0
3874|32
3875|66
3876|54
3877|18
3878|26
3879|12
3880|63
3881|47
3882|3
3883|57
3884|0
3885|23
3886|65
3887|15
3888|25
3889|18
3890|26
3891|28
3892|40
3893|27
3894|23
3895|89
3896|42
3897|28
3898|80
3899|132
3900|27
3901|18
3902|21
3903|10
3904|7
3905|19
3906|49
3907|28
3908|24
3909|48
3910|11
3911|27
3912|24
3913|0
3914|19
3915|30
3916|39
3917|57
3918|0
3919|26
3920|186
3921|13
3922|21
3923|20
3924|25
3925|5
3926|50
3927|20
3928|146
3929|73
3930|65
3931|127
3932|77
3933|134
3934|75
3935|91
3936|96
3937|103
3938|82
3939|91
3940|221
3941|78
3942|88
3943|79
3944|164
3945|92
3946|127
3947|116
3948|82
3949|167
3950|72
3951|100
3952|108
3953|109
3954|188
3955|0
3956|90
3957|144
3958|91
3959|202
3960|147
3961|161
3962|85
3963|239
3964|90
3965|77
3966|158
3967|113
3968|19
3969|13
3970|10
3971|6
3972|60
3973|8
3974|44
3975|0
3976|26
3977|33
3978|9
3979|122
3980|31
3981|6
3982|0
3983|45
3984|28
3985|37
3986|33
3987|8
3988|13
3989|8
3990|18
3991|26
3992|14
3993|23
3994|26
3995|26
3996|41
3997|8
3998|20
3999|36
4000|34
4001|28
4002|30
4003|43
4004|0
4005|21
4006|50
4007|0
4008|0
4009|16
4010|20
4011|0
4012|7
4013|0
4014|13
4015|97
4016|54
4017|9
4018|149
4019|243
4020|21
4021|56
4022|0
4023|20
4024|0
4025|6
4026|0
4027|0
4028|45
4029|0
4030|1
4031|6
4032|0
4033|34
4034|21
4035|121
4036|42
4037|0
4038|26
4039|12
4040|24
4041|1
4042|2
4043|19
4044|21
4045|9
4046|34
4047|26
4048|22
4049|27
4050|33
4051|40
4052|23
4053|15
4054|44
4055|40
4056|13
4057|107
4058|2
4059|23
4060|101
4061|0
4062|58
4063|96
4064|14
4065|105
4066|19
4067|8
4068|0
4069|20
4070|8
4071|7
4072|218
4073|1
4074|32
4075|26
4076|56
4077|19
4078|87
4079|33
4080|34
4081|2
4082|4
4083|0
4084|28
4085|23
4086|61
4087|0
4088|94
4089|0
4090|0
4091|131
4092|0
4093|0
4094|0
4095|0
4096|104
4097|0
4098|101
4099|0
4100|0
4101|0
4102|0
4103|0
4104|108
4105|108
4106|0
4107|0
4108|0
4109|0
4110|0
4111|0
4112|89
4113|0
4114|0
4115|0
4116|0
4117|0
4118|0
4119|101
4120|0
4121|84
4122|143
4123|104
4124|112
4125|111
4126|0
4127|0
4128|0
4129|0
4130|0
4131|0
4132|0
4133|0
4134|0
4135|0
4136|0
4137|0
4138|0
4139|0
4140|0
4141|0
4142|0
4143|0
4144|0
4145|0
4146|0
4147|0
4148|0
4149|0
4150|0
4151|0
4152|0
4153|145
4154|118
4155|111
4156|245
4157|117
4158|114
4159|156
4160|121
4161|123
4162|131
4163|118
4164|1
4165|194
4166|114
4167|117
4168|191
4169|200
4170|160
4171|154
4172|238
4173|165
4174|0
4175|0
4176|0
4177|0
4178|0
4179|0
4180|0
4181|135
4182|0
4183|0
4184|245
4185|0
4186|254
4187|0
4188|133
4189|0
4190|19
4191|140
4192|30
4193|0
4194|13
4195|0
4196|235
4197|124
4198|124
4199|118
4200|211
4201|0
4202|0
4203|0
4204|0
4205|0
4206|81
4207|95
4208|78
4209|108
4210|61
4211|255
4212|197
4213|66
4214|19
4215|246
4216|241
4217|253
4218|66
4219|219
4220|41
4221|80
4222|73
4223|250
4224|183
4225|140
4226|182
4227|90
4228|122
4229|182
4230|132
4231|50
4232|207
4233|133
4234|2
4235|74
4236|112
4237|240
4238|146
4239|149
4240|247
4241|146
4242|113
4243|83
4244|30
4245|50
4246|170
4247|35
4248|152
4249|64
4250|18
4251|65
4252|77
4253|35
4254|40
4255|145
4256|119
4257|68
4258|68
4259|100
4260|105
4261|53
4262|11
4263|71
4264|205
4265|166
4266|59
4267|40
4268|125
4269|84
4270|102
4271|122
4272|118
4273|116
4274|164
4275|126
4276|1
4277|156
4278|0
4279|12
4280|93
4281|139
4282|141
4283|58
4284|123
4285|91
4286|109
4287|73
4288|36
4289|115
4290|67
4291|3
4292|49
4293|163
4294|112
4295|24
4296|112
4297|56
4298|120
4299|128
4300|147
4301|182
4302|16
4303|93
4304|23
4305|10
4306|204
4307|110
4308|81
4309|64
4310|190
4311|213
4312|134
4313|23
4314|10
4315|156
4316|84
4317|57
4318|30
4319|25
4320|177
4321|199
4322|3
4323|13
4324|189
4325|111
4326|26
4327|62
4328|110
4329|16
4330|234
4331|122
4332|152
4333|32
4334|142
4335|44
4336|49
4337|105
4338|147
4339|115
4340|121
4341|67
4342|18
4343|0
4344|16
4345|102
4346|13
4347|0
4348|123
4349|43
4350|91
4351|22
4352|92
4353|71
4354|150
4355|56
4356|11
4357|116
4358|77
4359|19
4360|81
4361|33
4362|32
4363|100
4364|109
4365|12
4366|18
4367|48
4368|77
4369|154
4370|217
4371|64
4372|42
4373|74
4374|100
4375|44
4376|35
4377|69
4378|180
4379|80
4380|56
4381|97
4382|113
4383|90
4384|40
4385|51
4386|33
4387|35
4388|83
4389|93
4390|38
4391|84
4392|195
4393|50
4394|45
4395|31
4396|111
4397|60
4398|45
4399|115
4400|74
4401|24
4402|0
4403|21
4404|28
4405|53
4406|10
4407|7
4408|0
4409|42
4410|30
4411|49
4412|5
4413|48
4414|1
4415|32
4416|64
4417|41
4418|77
4419|19
4420|101
4421|7
4422|7
4423|0
4424|121
4425|128
4426|72
4427|53
4428|81
4429|107
4430|68
4431|0
4432|29
4433|21
4434|10
4435|13
4436|15
4437|0
4438|0
4439|19
4440|3
4441|0
4442|49
4443|0
4444|0
4445|60
4446|0
4447|82
4448|19
4449|0
4450|8
4451|0
4452|78
4453|51
4454|36
4455|60
4456|68
4457|63
4458|69
4459|62
4460|68
4461|10
4462|41
4463|31
4464|50
4465|33
4466|101
4467|147
4468|55
4469|0
4470|37
4471|8
4472|0
4473|14
4474|253
4475|16
4476|6
4477|71
4478|31
4479|16
4480|177
4481|61
4482|56
4483|61
4484|65
4485|90
4486|40
4487|71
4488|46
4489|1
4490|78
4491|176
4492|53
4493|73
4494|227
4495|30
4496|41
4497|56
4498|13
4499|0
4500|0
4501|0
4502|0
4503|0
4504|0
4505|0
4506|27
4507|123
4508|41
4509|21
4510|18
4511|38
4512|100
4513|27
4514|19
4515|103
4516|0
4517|109
4518|147
4519|11
4520|0
4521|96
4522|123
4523|0
4524|65
4525|129
4526|148
4527|45
4528|40
4529|58
4530|57
4531|91
4532|129
4533|88
4534|88
4535|12
4536|45
4537|91
4538|53
4539|95
4540|0
4541|0
4542|77
4543|58
4544|21
4545|7
4546|238
4547|33
4548|41
4549|17
4550|148
4551|44
4552|0
4553|228
4554|62
4555|28
4556|120
4557|36
4558|69
4559|107
4560|17
4561|0
4562|0
4563|43
4564|0
4565|0
4566|0
4567|135
4568|247
4569|6
4570|83
4571|179
4572|112
4573|46
4574|74
4575|0
4576|12
4577|35
4578|51
4579|103
4580|45
4581|13
4582|94
4583|91
4584|0
4585|7
4586|60
4587|75
4588|1
4589|133
4590|160
4591|17
4592|100
4593|5
4594|72
4595|0
4596|0
4597|0
4598|56
4599|7
4600|51
4601|45
4602|16
4603|96
4604|67
4605|33
4606|109
4607|50
4608|43
4609|87
4610|229
4611|9
4612|62
4613|0
4614|90
4615|80
4616|19
4617|66
4618|74
4619|0
4620|0
4621|70
4622|0
4623|11
4624|84
4625|254
4626|0
4627|110
4628|145
4629|61
4630|103
4631|112
4632|0
4633|30
4634|22
4635|55
4636|0
4637|120
4638|69
4639|93
4640|0
4641|0
4642|31
4643|46
4644|0
4645|124
4646|70
4647|61
4648|200
4649|80
4650|56
4651|22
4652|12
4653|196
4654|82
4655|25
4656|30
4657|61
4658|0
4659|155
4660|124
4661|225
4662|138
4663|176
4664|70
4665|0
4666|241
4667|138
4668|174
4669|0
4670|151
4671|61
4672|134
4673|17
4674|14
4675|19
4676|110
4677|38
4678|7
4679|26
4680|11
4681|19
4682|4
4683|213
4684|142
4685|128
4686|60
4687|0
4688|0
4689|0
4690|0
4691|0
4692|27
4693|0
4694|24
4695|55
4696|51
4697|47
4698|0
4699|0
4700|130
4701|115
4702|0
4703|0
4704|0
4705|0
4706|6
4707|25
4708|137
4709|223
4710|166
4711|189
4712|13
4713|123
4714|53
4715|8
4716|0
4717|138
4718|143
4719|0
4720|136
4721|97
4722|114
4723|209
4724|68
4725|0
4726|0
4727|0
4728|10
4729|0
4730|0
4731|0
4732|0
4733|4
4734|0
4735|0
4736|2
4737|11
4738|0
4739|50
4740|0
4741|0
4742|0
4743|0
4744|0
4745|32
4746|26
4747|2
4748|0
4749|54
4750|59
4751|0
4752|4
4753|0
4754|0
4755|0
4756|41
4757|0
4758|0
4759|0
4760|5
4761|0
4762|2
4763|0
4764|10
4765|0
4766|0
4767|0
4768|0
4769|0
4770|27
4771|0
4772|6
4773|0
4774|38
4775|0
4776|0
4777|0
4778|0
4779|0
4780|0
4781|1
4782|6
4783|25
4784|0
4785|0
4786|0
4787|0
4788|0
4789|0
4790|0
4791|0
4792|0
4793|0
4794|50
4795|2
4796|27
4797|0
4798|4
4799|0
4800|0
4801|0
4802|0
4803|38
4804|25
4805|0
4806|36
4807|0
4808|0
4809|5
4810|32
4811|0
4812|23
4813|0
4814|0
4815|0
4816|0
4817|0
4818|0
4819|5
4820|0
4821|0
4822|0
4823|35
4824|0
4825|43
4826|0
4827|0
4828|2
4829|0
4830|56
4831|1
4832|0
4833|0
4834|0
4835|17
4836|13
4837|0
4838|0
4839|0
4840|0
4841|91
4842|0
4843|9
4844|14
4845|0
4846|0
4847|0
4848|0
4849|0
4850|0
4851|0
4852|0
4853|13
4854|45
4855|0
4856|49
4857|63
4858|0
4859|0
4860|0
4861|0
4862|70
4863|2
4864|25
4865|0
4866|0
4867|0
4868|0
4869|11
4870|5
4871|0
4872|52
4873|0
4874|110
4875|0
4876|178
4877|9
4878|95
4879|180
4880|137
4881|141
4882|0
4883|0
4884|86
4885|32
4886|245
4887|156
4888|199
4889|139
4890|76
4891|149
4892|171
4893|87
4894|110
4895|201
4896|137
4897|151
4898|146
4899|213
4900|178
4901|22
4902|152
4903|78
4904|54
4905|196
4906|220
4907|61
4908|92
4909|167
4910|34
4911|87
4912|131
4913|201
4914|124
4915|194
4916|179
4917|104
4918|131
4919|32
4920|48
4921|99
4922|58
4923|33
4924|193
4925|121
4926|81
4927|21
4928|162
4929|177
4930|76
4931|213
4932|112
4933|152
4934|250
4935|148
4936|135
4937|40
4938|52
4939|5
4940|159
4941|154
4942|131
4943|0
4944|0
4945|37
4946|0
4947|127
4948|113
4949|31
4950|6
4951|0
4952|245
4953|0
4954|103
4955|156
4956|0
4957|0
4958|120
4959|167
4960|42
4961|74
4962|205
4963|14
4964|206
4965|70
4966|248
4967|184
4968|0
4969|207
4970|79
4971|225
4972|76
4973|61
4974|225
4975|63
4976|174
4977|8
4978|0
4979|138
4980|156
4981|0
4982|255
4983|115
4984|118
4985|122
4986|167
4987|48
4988|16
4989|146
4990|94
4991|55
4992|102
4993|38
4994|90
4995|203
4996|157
4997|129
4998|253
4999|13
5000|32
5001|97
5002|90
5003|116
5004|152
5005|64
5006|34
5007|116
5008|165
5009|129
5010|122
5011|212
5012|38
5013|116
5014|23
5015|144
5016|97
5017|66
5018|208
5019|50
5020|0
5021|194
5022|196
5023|135
5024|1
5025|0
5026|124
5027|192
5028|24
5029|147
5030|15
5031|95
5032|54
5033|143
5034|45
5035|44
5036|11
5037|58
5038|156
5039|174
5040|43
5041|160
5042|6
5043|108
5044|130
5045|79
5046|68
5047|90
5048|230
5049|117
5050|141
5051|83
5052|88
5053|58
5054|92
5055|207
5056|250
5057|10
5058|214
5059|252
5060|149
5061|152
5062|84
5063|82
5064|112
5065|18
5066|97
5067|62
5068|50
5069|54
5070|52
5071|52
5072|0
5073|89
5074|202
5075|253
5076|168
5077|202
5078|226
5079|143
5080|154
5081|169
5082|151
5083|164
5084|31
5085|73
5086|108
5087|95
5088|139
5089|109
5090|56
5091|110
5092|112
5093|110
5094|41
5095|149
5096|0
5097|56
5098|80
5099|54
5100|105
5101|25
5102|34
5103|58
5104|174
5105|144
5106|160
5107|149
5108|40
5109|67
5110|114
5111|35
5112|180
5113|138
5114|74
5115|143
5116|171
5117|173
5118|21
5119|74
5120|113
5121|79
5122|162
5123|196
5124|222
5125|147
5126|107
5127|166
5128|206
5129|109
5130|46
5131|176
5132|183
5133|141
5134|76
5135|174
5136|178
5137|133
5138|154
5139|185
5140|88
5141|16
5142|34
5143|102
5144|37
5145|180
5146|75
5147|63
5148|181
5149|8
5150|184
5151|21
5152|15
5153|76
5154|181
5155|191
5156|55
5157|40
5158|83
5159|6
5160|28
5161|24
5162|87
5163|0
5164|210
5165|75
5166|17
5167|127
5168|28
5169|47
5170|97
5171|86
5172|38
5173|66
5174|54
5175|165
5176|24
5177|97
5178|78
5179|68
5180|0
5181|5
5182|62
5183|207
5184|72
5185|84
5186|146
5187|53
5188|20
5189|6
5190|23
5191|18
5192|0
5193|144
5194|107
5195|52
5196|46
5197|70
5198|92
5199|164
5200|53
5201|53
5202|15
5203|94
5204|122
5205|55
5206|82
5207|31
5208|31
5209|12
5210|83
5211|144
5212|164
5213|29
5214|3
5215|54
5216|84
5217|99
5218|15
5219|158
5220|18
5221|0
5222|156
5223|74
5224|0
5225|65
5226|17
5227|223
5228|208
5229|167
5230|254
5231|173
5232|55
5233|95
5234|186
5235|246
5236|139
5237|120
5238|14
5239|232
5240|18
5241|26
5242|28
5243|103
5244|214
5245|108
5246|123
5247|24
5248|52
5249|165
5250|202
5251|167
5252|0
5253|167
5254|173
5255|8
5256|13
5257|132
5258|43
5259|68
5260|212
5261|9
5262|211
5263|4
5264|121
5265|111
5266|65
5267|0
5268|95
5269|61
5270|191
5271|150
5272|177
5273|158
5274|186
5275|92
5276|187
5277|82
5278|155
5279|75
5280|109
5281|0
5282|15
5283|0
5284|3
5285|118
5286|53
5287|34
5288|0
5289|4
5290|163
5291|63
5292|71
5293|47
5294|194
5295|67
5296|233
5297|115
5298|0
5299|64
5300|229
5301|122
5302|99
5303|129
5304|0
5305|236
5306|102
5307|65
5308|110
5309|32
5310|102
5311|0
5312|164
5313|157
5314|153
5315|57
5316|35
5317|68
5318|205
5319|149
5320|200
5321|136
5322|200
5323|205
5324|203
5325|93
5326|0
5327|0
5328|241
5329|2
5330|109
5331|56
5332|222
5333|107
5334|127
5335|175
5336|64
5337|166
5338|29
5339|193
5340|28
5341|23
5342|0
5343|97
5344|90
5345|248
5346|114
5347|33
5348|169
5349|85
5350|68
5351|22
5352|171
5353|0
5354|114
5355|0
5356|35
5357|125
5358|121
5359|0
5360|180
5361|112
5362|102
5363|0
5364|193
5365|35
5366|113
5367|209
5368|0
5369|0
5370|175
5371|50
5372|177
5373|79
5374|63
5375|90
5376|73
5377|42
5378|0
5379|0
5380|138
5381|45
5382|0
5383|165
5384|117
5385|0
5386|0
5387|130
5388|216
5389|82
5390|11
5391|0
5392|0
5393|0
5394|132
5395|169
5396|0
5397|0
5398|53
5399|0
5400|0
5401|0
5402|0
5403|0
5404|0
5405|0
5406|0
5407|120
5408|211
5409|105
5410|182
5411|148
5412|238
5413|127
5414|133
5415|209
5416|139
5417|254
5418|238
5419|218
5420|84
5421|48
5422|181
5423|216
5424|178
5425|34
5426|122
5427|42
5428|2
5429|182
5430|237
5431|194
5432|38
5433|76
5434|212
5435|216
5436|169
5437|248
5438|125
5439|161
5440|212
5441|223
5442|111
5443|193
5444|200
5445|93
5446|187
5447|196
5448|220
5449|190
5450|164
5451|23
5452|220
5453|195
5454|13
5455|92
5456|215
5457|250
5458|197
5459|188
5460|214
5461|182
5462|107
5463|169
5464|182
5465|171
5466|219
5467|186
5468|133
5469|175
5470|159
5471|169
5472|173
5473|162
5474|174
5475|172
5476|221
5477|230
5478|155
5479|182
5480|200
5481|171
5482|169
5483|223
5484|194
5485|91
5486|223
5487|252
5488|180
5489|49
5490|62
5491|75
5492|45
5493|80
5494|113
5495|113
5496|69
5497|0
5498|200
5499|170
5500|166
5501|176
5502|203
5503|203
5504|172
5505|200
5506|119
5507|169
5508|176
5509|162
5510|173
5511|170
5512|182
5513|182
5514|207
5515|177
5516|207
5517|151
5518|179
5519|107
5520|93
5521|45
5522|118
5523|171
5524|206
5525|195
5526|211
5527|233
5528|220
5529|213
5530|205
5531|207
5532|214
5533|208
5534|238
5535|209
5536|215
5537|236
5538|239
5539|209
5540|238
5541|213
5542|209
5543|192
5544|206
5545|203
5546|208
5547|207
5548|194
5549|209
5550|233
5551|213
5552|212
5553|236
5554|176
5555|111
5556|178
5557|182
5558|175
5559|179
5560|201
5561|168
5562|197
5563|175
5564|181
5565|161
5566|172
5567|201
5568|155
5569|169
5570|181
5571|176
5572|201
5573|103
5574|200
5575|197
5576|181
5577|213
5578|175
5579|182
5580|166
5581|185
5582|134
5583|155
5584|201
5585|4
5586|172
5587|229
5588|194
5589|210
5590|169
5591|180
5592|147
5593|180
5594|208
5595|143
5596|190
5597|183
5598|188
5599|209
5600|195
5601|219
5602|242
5603|192
5604|198
5605|118
5606|224
5607|125
5608|238
5609|207
5610|109
5611|182
5612|189
5613|178
5614|189
5615|36
5616|180
5617|183
5618|211
5619|221
5620|212
5621|157
5622|175
5623|194
5624|207
5625|176
5626|91
5627|163
5628|189
5629|155
5630|114
5631|105
5632|94
5633|113
5634|113
5635|187
5636|14
5637|15
5638|194
5639|213
5640|209
5641|238
5642|203
5643|207
5644|213
5645|208
5646|209
5647|207
5648|228
5649|203
5650|192
5651|206
5652|10
5653|195
5654|210
5655|147
5656|212
5657|198
5658|195
5659|214
5660|218
5661|212
5662|195
5663|255
5664|209
5665|225
5666|197
5667|211
5668|229
5669|220
5670|176
5671|192
5672|200
5673|201
5674|176
5675|197
5676|187
5677|40
5678|191
5679|206
5680|180
5681|154
5682|187
5683|179
5684|181
5685|179
5686|197
5687|182
5688|204
5689|238
5690|119
5691|196
5692|202
5693|173
5694|203
5695|181
5696|116
5697|173
5698|186
5699|84
5700|174
5701|199
5702|235
5703|206
5704|212
5705|209
5706|198
5707|137
5708|218
5709|208
5710|218
5711|233
5712|220
5713|205
5714|6
5715|195
5716|213
5717|218
5718|206
5719|215
5720|10
5721|214
5722|124
5723|134
5724|215
5725|215
5726|13
5727|208
5728|213
5729|214
5730|213
5731|208
5732|235
5733|146
5734|86
5735|180
5736|212
5737|186
5738|183
5739|209
5740|198
5741|186
5742|208
5743|195
5744|183
5745|222
5746|183
5747|246
5748|181
5749|144
5750|118
5751|179
5752|182
5753|183
5754|168
5755|183
5756|186
5757|159
5758|212
5759|243
5760|189
5761|182
5762|182
5763|16
5764|230
5765|212
5766|181
5767|212
5768|185
5769|189
5770|188
5771|199
5772|117
5773|54
5774|209
5775|59
5776|240
5777|179
5778|180
5779|89
5780|89
5781|198
5782|60
5783|206
5784|53
5785|91
5786|195
5787|130
5788|169
5789|154
5790|210
5791|183
5792|189
5793|233
5794|124
5795|104
5796|72
5797|173
5798|151
5799|183
5800|13
5801|209
5802|215
5803|209
5804|10
5805|214
5806|206
5807|15
5808|33
5809|43
5810|133
5811|206
5812|206
5813|1
5814|150
5815|223
5816|168
5817|206
5818|238
5819|209
5820|237
5821|214
5822|234
5823|235
5824|16
5825|203
5826|208
5827|220
5828|198
5829|230
5830|193
5831|91
5832|200
5833|97
5834|69
5835|55
5836|0
5837|191
5838|152
5839|82
5840|50
5841|212
5842|135
5843|106
5844|134
5845|29
5846|166
5847|129
5848|16
5849|55
5850|0
5851|30
5852|46
5853|78
5854|4
5855|53
5856|55
5857|255
5858|204
5859|201
5860|204
5861|178
5862|186
5863|84
5864|225
5865|19
5866|240
5867|11
5868|204
5869|9
5870|8
5871|233
5872|252
5873|10
5874|9
5875|201
5876|251
5877|233
5878|190
5879|8
5880|210
5881|233
5882|204
5883|201
5884|86
5885|166
5886|191
5887|160
5888|113
5889|22
5890|122
5891|211
5892|180
5893|174
5894|177
5895|162
5896|177
5897|177
5898|177
5899|163
5900|178
5901|180
5902|179
5903|179
5904|173
5905|205
5906|176
5907|192
5908|211
5909|115
5910|100
5911|185
5912|200
5913|185
5914|10
5915|189
5916|216
5917|204
5918|200
5919|189
5920|144
5921|143
5922|134
5923|128
5924|202
5925|138
5926|164
5927|144
5928|197
5929|216
5930|216
5931|215
5932|194
5933|174
5934|123
5935|0
5936|56
5937|63
5938|59
5939|55
5940|234
5941|129
5942|92
5943|107
5944|111
5945|65
5946|216
5947|152
5948|174
5949|114
5950|221
5951|144
5952|226
5953|229
5954|221
5955|228
5956|63
5957|83
5958|166
5959|74
5960|98
5961|51
5962|144
5963|0
5964|204
5965|163
5966|204
5967|201
5968|137
5969|204
5970|197
5971|111
5972|229
5973|219
5974|216
5975|197
5976|141
5977|189
5978|130
5979|216
5980|74
5981|218
5982|200
5983|178
5984|228
5985|203
5986|134
5987|142
5988|210
5989|180
5990|204
5991|86
5992|117
5993|134
5994|104
5995|74
5996|118
5997|112
5998|144
5999|134
6000|95
6001|130
6002|179
6003|120
6004|117
6005|185
6006|81
6007|92
6008|204
6009|70
6010|112
6011|97
6012|14
6013|115
6014|105
6015|140
6016|104
6017|137
6018|106
6019|124
6020|73
6021|104
6022|141
6023|25
6024|72
6025|4
6026|0
6027|0
6028|78
6029|0
6030|0
6031|0
6032|0
6033|73
6034|0
6035|51
6036|0
6037|0
6038|2
6039|0
6040|27
6041|0
6042|0
6043|1
6044|124
6045|3
6046|0
6047|162
6048|11
6049|0
6050|0
6051|51
6052|13
6053|138
6054|100
6055|98
6056|99
6057|119
6058|41
6059|65
6060|133
6061|6
6062|158
6063|254
6064|35
6065|72
6066|99
6067|81
6068|119
6069|86
6070|46
6071|70
6072|140
6073|83
6074|171
6075|109
6076|145
6077|89
6078|110
6079|198
6080|147
6081|251
6082|88
6083|57
6084|50
6085|35
6086|11
6087|100
6088|92
6089|123
6090|97
6091|146
6092|146
6093|22
6094|112
6095|109
6096|109
6097|57
6098|146
6099|125
6100|108
6101|139
6102|134
6103|120
6104|138
6105|108
6106|41
6107|44
6108|126
6109|0
6110|6
6111|48
6112|0
6113|80
6114|0
6115|32
6116|29
6117|119
6118|80
6119|18
6120|88
6121|0
6122|20
6123|25
6124|11
6125|68
6126|0
6127|178
6128|154
6129|65
6130|15
6131|84
6132|129
6133|69
6134|52
6135|239
6136|1
6137|0
6138|0
6139|2
6140|180
6141|4
6142|220
6143|62
6144|110
6145|148
6146|131
6147|233
6148|44
6149|61
6150|35
6151|142
6152|150
6153|164
6154|166
6155|43
6156|94
6157|171
6158|177
6159|136
6160|31
6161|121
6162|77
6163|59
6164|68
6165|120
6166|156
6167|140
6168|59
6169|38
6170|45
6171|157
6172|83
6173|196
6174|135
6175|0
6176|21
6177|3
6178|0
6179|0
6180|0
6181|0
6182|35
6183|24
6184|208
6185|211
6186|0
6187|0
6188|27
6189|0
6190|31
6191|0
6192|0
6193|0
6194|0
6195|0
6196|0
6197|0
6198|53
6199|0
6200|28
6201|12
6202|0
6203|0
6204|56
6205|14
6206|12
6207|191
6208|154
6209|96
6210|208
6211|72
6212|208
6213|41
6214|206
6215|56
6216|196
6217|246
6218|17
6219|203
6220|200
6221|29
6222|194
6223|39
6224|190
6225|156
6226|70
6227|60
6228|8
6229|208
6230|214
6231|58
6232|175
6233|180
6234|88
6235|204
6236|172
6237|177
6238|190
6239|203
6240|126
6241|89
6242|104
6243|105
6244|139
6245|71
6246|0
6247|0
6248|36
6249|0
6250|26
6251|151
6252|119
6253|29
6254|12
6255|85
6256|33
6257|47
6258|45
6259|75
6260|220
6261|77
6262|42
6263|74
6264|45
6265|0
6266|0
6267|34
6268|41
6269|0
6270|54
6271|46
6272|47
6273|19
6274|56
6275|65
6276|84
6277|12
6278|14
6279|37
6280|0
6281|35
6282|162
6283|13
6284|2
6285|72
6286|29
6287|27
6288|222
6289|5
6290|72
6291|236
6292|68
6293|0
6294|97
6295|103
6296|0
6297|102
6298|0
6299|62
6300|65
6301|0
6302|0
6303|7
6304|0
6305|25
6306|36
6307|0
6308|32
6309|27
6310|35
6311|0
6312|17
6313|0
6314|69
6315|76
6316|0
6317|0
6318|21
6319|0
6320|0
6321|31
6322|22
6323|13
6324|0
6325|0
6326|4
6327|45
6328|43
6329|0
6330|17
6331|0
6332|240
6333|218
6334|155
6335|229
6336|243
6337|228
6338|76
6339|203
6340|255
6341|178
6342|34
6343|210
6344|241
6345|229
6346|246
6347|238
6348|228
6349|217
6350|13
6351|0
6352|0
6353|0
6354|0
6355|0
6356|0
6357|0
6358|0
6359|0
6360|0
6361|0
6362|0
6363|0
6364|0
6365|0
6366|0
6367|0
6368|0
6369|0
6370|0
6371|0
6372|204
6373|195
6374|181
6375|0
6376|168
6377|189
6378|0
6379|143
6380|251
6381|190
6382|0
6383|0
6384|0
6385|210
6386|184
6387|0
6388|0
6389|0
6390|0
6391|0
6392|215
6393|230
6394|117
6395|51
6396|247
6397|242
6398|245
6399|243
6400|231
6401|188
6402|140
6403|228
6404|195
6405|192
6406|3
6407|0
6408|0
6409|0
6410|211
6411|211
6412|0
6413|32
6414|0
6415|0
6416|0
6417|0
6418|0
6419|245
6420|0
6421|0
6422|45
6423|228
6424|0
6425|0
6426|13
6427|43
6428|0
6429|206
6430|0
6431|0
6432|239
6433|225
6434|213
6435|0
6436|0
6437|223
6438|67
6439|131
6440|0
6441|0
6442|0
6443|0
6444|0
6445|0
6446|0
6447|0
6448|0
6449|0
6450|0
6451|0
6452|0
6453|0
6454|0
6455|0
6456|0
6457|0
6458|0
6459|0
6460|0
6461|0
6462|0
6463|0
6464|0
6465|0
6466|0
6467|0
6468|0
6469|0
6470|240
6471|253
6472|206
6473|0
6474|0
6475|0
6476|0
6477|0
6478|0
6479|0
6480|0
6481|0
6482|0
6483|0
6484|0
6485|0
6486|0
6487|0
6488|0
6489|0
6490|0
6491|0
6492|80
6493|54
6494|85
6495|77
6496|119
6497|156
6498|103
6499|149
6500|92
6501|88
6502|140
6503|178
6504|35
6505|119
6506|19
6507|150
6508|167
6509|159
6510|81
6511|59
6512|253
6513|0
6514|95
6515|0
6516|163
6517|108
6518|117
6519|122
6520|217
6521|174
6522|185
6523|163
6524|168
6525|32
6526|57
6527|13
6528|177
6529|116
6530|136
6531|0
6532|142
6533|63
6534|41
6535|7
6536|26
6537|139
6538|0
6539|0
6540|13
6541|62
6542|50
6543|57
6544|0
6545|1
6546|40
6547|101
6548|78
6549|37
6550|30
6551|29
6552|63
6553|37
6554|117
6555|19
6556|19
6557|103
6558|70
6559|15
6560|61
6561|62
6562|34
6563|154
6564|61
6565|144
6566|88
6567|77
6568|120
6569|0
6570|138
6571|0
6572|71
6573|31
6574|121
6575|73
6576|212
6577|9
6578|36
6579|20
6580|167
6581|147
6582|0
6583|0
6584|0
6585|79
6586|52
6587|75
6588|72
6589|0
6590|0
6591|89
6592|29
6593|155
6594|52
6595|89
6596|94
6597|90
6598|119
6599|104
6600|79
6601|82
6602|77
6603|66
6604|47
6605|82
6606|0
6607|0
6608|25
6609|13
6610|0
6611|12
6612|0
6613|108
6614|48
6615|80
6616|107
6617|122
6618|133
6619|153
6620|132
6621|114
6622|141
6623|145
6624|106
6625|9
6626|42
6627|174
6628|57
6629|99
6630|5
6631|105
6632|124
6633|70
6634|98
6635|199
6636|170
6637|9
6638|141
6639|141
6640|70
6641|131
6642|67
6643|167
6644|52
6645|72
6646|55
6647|0
6648|35
6649|89
6650|202
6651|139
6652|170
6653|104
6654|89
6655|157
6656|112
6657|125
6658|157
6659|123
6660|90
6661|96
6662|78
6663|100
6664|101
6665|56
6666|0
6667|85
6668|61
6669|69
6670|0
6671|16
6672|24
6673|0
6674|10
6675|167
6676|55
6677|60
6678|0
6679|0
6680|67
6681|70
6682|54
6683|42
6684|50
6685|85
6686|89
6687|114
6688|144
6689|108
6690|88
6691|176
6692|65
6693|197
6694|81
6695|75
6696|140
6697|122
6698|4
6699|1
6700|40
6701|61
6702|62
6703|0
6704|35
6705|49
6706|59
6707|18
6708|81
6709|4
6710|201
6711|7
6712|20
6713|42
6714|87
6715|97
6716|148
6717|60
6718|84
6719|80
6720|145
6721|140
6722|7
6723|49
6724|13
6725|55
6726|26
6727|32
6728|41
6729|0
6730|0
6731|42
6732|112
6733|111
6734|62
6735|85
6736|108
6737|13
6738|19
6739|137
6740|53
6741|66
6742|93
6743|91
6744|11
6745|17
6746|117
6747|78
6748|16
6749|98
6750|136
6751|47
6752|82
6753|90
6754|122
6755|90
6756|33
6757|68
6758|34
6759|75
6760|29
6761|82
6762|4
6763|62
6764|92
6765|101
6766|112
6767|49
6768|83
6769|85
6770|90
6771|109
6772|165
6773|74
6774|61
6775|14
6776|111
6777|104
6778|24
6779|142
6780|70
6781|105
6782|8
6783|82
6784|88
6785|228
6786|111
6787|38
6788|0
6789|74
6790|43
6791|45
6792|102
6793|130
6794|31
6795|99
6796|8
6797|77
6798|6
6799|61
6800|118
6801|44
6802|145
6803|127
6804|125
6805|84
6806|82
6807|132
6808|155
6809|138
6810|31
6811|0
6812|0
6813|0
6814|56
6815|210
6816|68
6817|83
6818|29
6819|12
6820|35
6821|44
6822|54
6823|19
6824|29
6825|32
6826|34
6827|21
6828|59
6829|83
6830|58
6831|20
6832|55
6833|86
6834|72
6835|121
6836|97
6837|111
6838|56
6839|73
6840|142
6841|24
6842|71
6843|74
6844|121
6845|57
6846|6
6847|104
6848|0
6849|106
6850|109
6851|112
6852|74
6853|162
6854|87
6855|15
6856|117
6857|12
6858|148
6859|64
6860|121
6861|121
6862|87
6863|108
6864|110
6865|87
6866|87
6867|105
6868|107
6869|74
6870|42
6871|45
6872|95
6873|35
6874|86
6875|80
6876|115
6877|102
6878|51
6879|79
6880|134
6881|52
6882|82
6883|150
6884|62
6885|25
6886|135
6887|61
6888|93
6889|115
6890|42
6891|127
6892|41
6893|67
6894|77
6895|59
6896|81
6897|42
6898|77
6899|107
6900|97
6901|94
6902|92
6903|123
6904|118
6905|93
6906|81
6907|22
6908|79
6909|56
6910|119
6911|87
6912|8
6913|111
6914|38
6915|2
6916|2
6917|105
6918|122
6919|64
6920|0
6921|129
6922|80
6923|130
6924|76
6925|64
6926|9
6927|55
6928|55
6929|94
6930|39
6931|96
6932|145
6933|145
6934|0
6935|1
6936|20
6937|60
6938|108
6939|51
6940|6
6941|60
6942|0
6943|136
6944|4
6945|22
6946|8
6947|81
6948|92
6949|12
6950|28
6951|76
6952|73
6953|47
6954|33
6955|119
6956|67
6957|75
6958|55
6959|98
6960|81
6961|128
6962|80
6963|36
6964|19
6965|29
6966|17
6967|68
6968|65
6969|56
6970|79
6971|52
6972|29
6973|71
6974|7
6975|69
6976|50
6977|129
6978|53
6979|0
6980|0
6981|11
6982|84
6983|47
6984|56
6985|66
6986|88
6987|92
6988|26
6989|0
6990|97
6991|141
6992|37
6993|141
6994|94
6995|0
6996|13
6997|28
6998|50
6999|6
7000|19
7001|25
7002|35
7003|94
7004|26
7005|145
7006|35
7007|73
7008|155
7009|45
7010|92
7011|25
7012|77
7013|73
7014|43
7015|0
7016|0
7017|10
7018|37
7019|4
7020|40
7021|15
7022|0
7023|46
7024|55
7025|9
7026|17
7027|30
7028|181
7029|137
7030|43
7031|81
7032|64
7033|90
7034|0
7035|0
7036|21
7037|4
7038|37
7039|112
7040|69
7041|84
7042|19
7043|47
7044|59
7045|111
7046|50
7047|7
7048|72
7049|14
7050|63
7051|20
7052|39
7053|92
7054|48
7055|101
7056|89
7057|24
7058|0
7059|0
7060|4
7061|30
7062|54
7063|43
7064|112
7065|97
7066|116
7067|3
7068|0
7069|63
7070|59
7071|99
7072|0
7073|56
7074|0
7075|2
7076|0
7077|58
7078|50
7079|89
7080|162
7081|125
7082|115
7083|39
7084|75
7085|0
7086|17
7087|0
7088|0
7089|140
7090|155
7091|111
7092|120
7093|106
7094|135
7095|180
7096|135
7097|98
7098|0
7099|104
7100|232
7101|14
7102|58
7103|65
7104|100
7105|71
7106|26
7107|67
7108|45
7109|78
7110|82
7111|36
7112|15
7113|37
7114|112
7115|16
7116|125
7117|37
7118|5
7119|43
7120|249
7121|24
7122|20
7123|0
7124|1
7125|0
7126|7
7127|93
7128|0
7129|0
7130|0
7131|0
7132|0
7133|0
7134|0
7135|0
7136|0
7137|0
7138|0
7139|0
7140|0
7141|0
7142|0
7143|81
7144|0
7145|71
7146|13
7147|0
7148|30
7149|90
7150|22
7151|0
7152|0
7153|28
7154|0
7155|0
7156|26
7157|7
7158|0
7159|0
7160|30
7161|10
7162|154
7163|84
7164|0
7165|131
7166|111
7167|10
7168|15
7169|8
7170|0
7171|0
7172|57
7173|0
7174|0
7175|0
7176|136
7177|0
7178|0
7179|8
7180|6
7181|0
7182|15
7183|0
7184|30
7185|67
7186|16
7187|6
7188|42
7189|37
7190|5
7191|20
7192|9
7193|116
7194|118
7195|131
7196|29
7197|110
7198|23
7199|102
7200|109
7201|100
7202|115
7203|8
7204|241
7205|47
7206|136
7207|115
7208|31
7209|44
7210|6
7211|111
7212|20
7213|94
7214|56
7215|116
7216|0
7217|19
7218|0
7219|4
7220|50
7221|9
7222|71
7223|42
7224|23
7225|69
7226|0
7227|17
7228|37
7229|47
7230|22
7231|32
7232|8
7233|14
7234|66
7235|0
7236|67
7237|56
7238|50
7239|2
7240|27
7241|65
7242|78
7243|28
7244|0
7245|42
7246|0
7247|13
7248|98
7249|0
7250|32
7251|6
7252|0
7253|150
7254|70
7255|0
7256|0
7257|0
7258|0
7259|1
7260|21
7261|140
7262|242
7263|0
7264|14
7265|121
7266|17
7267|9
7268|46
7269|18
7270|99
7271|14
7272|51
7273|4
7274|6
7275|0
7276|0
7277|101
7278|17
7279|0
7280|0
7281|63
7282|40
7283|41
7284|15
7285|0
7286|95
7287|107
7288|161
7289|98
7290|132
7291|84
7292|0
7293|38
7294|0
7295|0
7296|11
7297|0
7298|0
7299|0
7300|214
7301|89
7302|48
7303|120
7304|0
7305|0
7306|0
7307|0
7308|0
7309|0
7310|0
7311|0
7312|0
7313|26
7314|0
7315|55
7316|65
7317|1
7318|4
7319|23
7320|92
7321|107
7322|110
7323|127
7324|37
7325|219
7326|62
7327|55
7328|105
7329|133
7330|86
7331|10
7332|0
7333|0
7334|0
7335|78
7336|12
7337|33
7338|0
7339|0
7340|44
7341|54
7342|51
7343|0
7344|10
7345|0
7346|0
7347|66
7348|101
7349|20
7350|0
7351|0
7352|0
7353|0
7354|0
7355|0
7356|0
7357|0
7358|57
7359|28
7360|0
7361|0
7362|8
7363|0
7364|51
7365|134
7366|79
7367|55
7368|207
7369|55
7370|108
7371|202
7372|87
7373|75
7374|89
7375|113
7376|71
7377|113
7378|104
7379|136
7380|102
7381|0
7382|0
7383|0
7384|0
7385|0
7386|0
7387|0
7388|0
7389|0
7390|0
7391|0
7392|0
7393|0
7394|0
7395|0
7396|39
7397|0
7398|0
7399|3
7400|0
7401|0
7402|27
7403|0
7404|0
7405|20
7406|0
7407|0
7408|0
7409|0
7410|63
7411|85
7412|7
7413|31
7414|24
7415|17
7416|39
7417|0
7418|90
7419|82
7420|46
7421|0
7422|0
7423|20
7424|0
7425|2
7426|10
7427|27
7428|52
7429|60
7430|36
7431|75
7432|116
7433|116
7434|51
7435|27
7436|21
7437|0
7438|24
7439|17
7440|5
7441|65
7442|0
7443|9
7444|15
7445|0
7446|13
7447|87
7448|14
7449|68
7450|0
7451|10
7452|16
7453|29
7454|100
7455|36
7456|117
7457|44
7458|55
7459|67
7460|0
7461|38
7462|34
7463|42
7464|39
7465|14
7466|14
7467|0
7468|50
7469|12
7470|51
7471|19
7472|49
7473|7
7474|0
7475|0
7476|1
7477|100
7478|0
7479|0
7480|15
7481|63
7482|0
7483|103
7484|0
7485|27
7486|16
7487|57
7488|10
7489|91
7490|0
7491|0
7492|0
7493|0
7494|0
7495|0
7496|0
7497|0
7498|0
7499|0
7500|0
7501|0
7502|97
7503|0
7504|0
7505|56
7506|0
7507|0
7508|0
7509|0
7510|0
7511|4
7512|0
7513|57
7514|87
7515|0
7516|27
7517|20
7518|0
7519|0
7520|19
7521|70
7522|37
7523|32
7524|35
7525|132
7526|89
7527|0
7528|28
7529|17
7530|76
7531|52
7532|33
7533|68
7534|15
7535|9
7536|0
7537|14
7538|0
7539|29
7540|21
7541|29
7542|68
7543|59
7544|12
7545|43
7546|34
7547|37
7548|21
7549|51
7550|0
7551|95
7552|60
7553|20
7554|25
7555|0
7556|69
7557|83
7558|33
7559|22
7560|36
7561|42
7562|0
7563|40
7564|24
7565|43
7566|92
7567|0
7568|103
7569|39
7570|37
7571|108
7572|37
7573|10
7574|0
7575|99
7576|33
7577|0
7578|26
7579|0
7580|0
7581|96
7582|0
7583|0
7584|0
7585|0
7586|0
7587|0
7588|0
7589|0
7590|0
7591|0
7592|14
7593|0
7594|0
7595|0
7596|0
7597|3
7598|26
7599|0
7600|0
7601|0
7602|4
7603|0
7604|0
7605|0
7606|0
7607|0
7608|12
7609|17
7610|7
7611|21
7612|0
7613|8
7614|0
7615|0
7616|0
7617|29
7618|5
7619|0
7620|17
7621|0
7622|0
7623|12
7624|8
7625|0
7626|0
7627|0
7628|0
7629|0
7630|0
7631|0
7632|102
7633|13
7634|0
7635|0
7636|0
7637|0
7638|0
7639|13
7640|0
7641|0
7642|0
7643|8
7644|16
7645|0
7646|3
7647|0
7648|0
7649|0
7650|0
7651|12
7652|12
7653|18
7654|12
7655|20
7656|95
7657|0
7658|0
7659|0
7660|0
7661|0
7662|0
7663|0
7664|0
7665|0
7666|13
7667|25
7668|0
7669|0
7670|0
7671|0
7672|0
7673|57
7674|18
7675|0
7676|0
7677|0
7678|0
7679|0
7680|15
7681|0
7682|0
7683|16
7684|0
7685|31
7686|37
7687|0
7688|0
7689|0
7690|0
7691|0
7692|0
7693|4
7694|0
7695|0
7696|18
7697|0
7698|133
7699|0
7700|0
7701|7
7702|31
7703|21
7704|1
7705|0
7706|0
7707|0
7708|13
7709|28
7710|35
7711|19
7712|0
7713|0
7714|0
7715|1
7716|0
7717|0
7718|0
7719|0
7720|19
7721|17
7722|0
7723|0
7724|14
7725|19
7726|45
7727|57
7728|0
7729|0
7730|11
7731|0
7732|0
7733|0
7734|127
7735|0
7736|136
7737|96
7738|12
7739|99
7740|31
7741|17
7742|11
7743|117
7744|0
7745|12
7746|0
7747|0
7748|30
7749|18
7750|0
7751|0
7752|0
7753|83
7754|17
7755|105
7756|80
7757|206
7758|4
7759|60
7760|23
7761|174
7762|5
7763|73
7764|133
7765|135
7766|81
7767|42
7768|103
7769|128
7770|0
7771|44
7772|36
7773|158
7774|155
7775|142
7776|29
7777|62
7778|149
7779|80
7780|81
7781|55
7782|95
7783|99
7784|101
7785|213
7786|45
7787|112
7788|185
7789|215
7790|163
7791|177
7792|91
7793|39
7794|90
7795|77
7796|32
7797|4
7798|9
7799|52
7800|86
7801|141
7802|74
7803|6
7804|71
7805|0
7806|0
7807|0
7808|74
7809|0
7810|128
7811|62
7812|85
7813|141
7814|81
7815|27
7816|90
7817|108
7818|53
7819|57
7820|8
7821|205
7822|114
7823|94
7824|128
7825|196
7826|185
7827|2
7828|119
7829|131
7830|119
7831|103
7832|114
7833|41
7834|160
7835|39
7836|87
7837|147
7838|79
7839|130
7840|95
7841|54
7842|34
7843|0
7844|125
7845|139
7846|190
7847|71
7848|8
7849|72
7850|164
7851|137
7852|93
7853|124
7854|116
7855|106
7856|104
7857|205
7858|127
7859|28
7860|111
7861|95
7862|45
7863|93
7864|77
7865|109
7866|101
7867|107
7868|140
7869|111
7870|81
7871|118
7872|61
7873|183
7874|64
7875|139
7876|74
7877|135
7878|66
7879|0
7880|98
7881|118
7882|180
7883|195
7884|193
7885|143
7886|176
7887|94
7888|200
7889|182
7890|193
7891|250
7892|159
7893|200
7894|133
7895|227
7896|176
7897|185
7898|144
7899|145
7900|165
7901|203
7902|146
7903|153
7904|5
7905|75
7906|174
7907|155
7908|33
7909|80
7910|45
7911|35
7912|109
7913|67
7914|41
7915|100
7916|137
7917|79
7918|164
7919|157
7920|192
7921|7
7922|47
7923|79
7924|89
7925|171
7926|34
7927|87
7928|203
7929|162
7930|73
7931|197
7932|124
7933|106
7934|66
7935|199
7936|144
7937|0
7938|144
7939|63
7940|70
7941|20
7942|126
7943|55
7944|154
7945|68
7946|78
7947|157
7948|211
7949|205
7950|129
7951|0
7952|101
7953|78
7954|0
7955|135
7956|177
7957|229
7958|103
7959|33
7960|61
7961|75
7962|0
7963|12
7964|11
7965|246
7966|0
7967|148
7968|78
7969|100
7970|35
7971|33
7972|139
7973|74
7974|218
7975|71
7976|0
7977|14
7978|36
7979|117
7980|96
7981|59
7982|92
7983|40
7984|212
7985|26
7986|21
7987|57
7988|27
7989|43
7990|44
7991|153
7992|244
7993|160
7994|147
7995|0
7996|0
7997|99
7998|147
7999|112
8000|55
8001|0
8002|10
8003|204
8004|182
8005|125
8006|156
8007|78
8008|78
8009|202
8010|70
8011|85
8012|183
8013|99
8014|69
8015|40
8016|99
8017|118
8018|80
8019|185
8020|0
8021|105
8022|83
8023|154
8024|72
8025|133
8026|192
8027|149
8028|67
8029|69
8030|142
8031|87
8032|97
8033|118
8034|120
8035|16
8036|81
8037|63
8038|109
8039|54
8040|77
8041|154
8042|171
8043|98
8044|146
8045|121
8046|37
8047|139
8048|208
8049|66
8050|89
8051|79
8052|134
8053|62
8054|213
8055|80
8056|189
8057|124
8058|83
8059|110
8060|39
8061|202
8062|76
8063|97
8064|105
8065|103
8066|88
8067|210
8068|143
8069|61
8070|179
8071|167
8072|28
8073|106
8074|40
8075|48
8076|65
8077|57
8078|10
8079|158
8080|18
8081|10
8082|37
8083|14
8084|183
8085|176
8086|0
8087|80
8088|62
8089|0
8090|80
8091|174
8092|83
8093|104
8094|103
8095|70
8096|179
8097|47
8098|161
8099|241
8100|172
8101|105
8102|0
8103|115
8104|0
8105|84
8106|121
8107|77
8108|52
8109|67
8110|119
8111|0
8112|0
8113|120
8114|58
8115|74
8116|111
8117|118
8118|76
8119|0
8120|174
8121|174
8122|118
8123|124
8124|191
8125|93
8126|152
8127|75
8128|80
8129|155
8130|69
8131|0
8132|23
8133|77
8134|124
8135|53
8136|76
8137|138
8138|42
8139|56
8140|29
8141|76
8142|152
8143|158
8144|59
8145|42
8146|62
8147|73
8148|120
8149|39
8150|45
8151|83
8152|31
8153|8
8154|39
8155|179
8156|14
8157|117
8158|181
8159|138
8160|156
8161|112
8162|145
8163|115
8164|148
8165|0
8166|138
8167|0
8168|14
8169|142
8170|54
8171|180
8172|63
8173|38
8174|52
8175|195
8176|164
8177|128
8178|91
8179|81
8180|81
8181|51
8182|108
8183|115
8184|110
8185|60
8186|104
8187|171
8188|130
8189|75
8190|14
8191|84
8192|72
8193|56
8194|24
8195|16
8196|105
8197|195
8198|158
8199|112
8200|174
8201|55
8202|83
8203|162
8204|24
8205|80
8206|37
8207|0
8208|237
8209|224
8210|228
8211|0
8212|39
8213|163
8214|84
8215|128
8216|189
8217|197
8218|154
8219|196
8220|138
8221|85
8222|64
8223|8
8224|201
8225|204
8226|100
8227|163
8228|0
8229|0
8230|117
8231|0
8232|45
8233|0
8234|0
8235|85
8236|114
8237|0
8238|163
8239|0
8240|30
8241|0
8242|118
8243|80
8244|38
8245|225
8246|100
8247|29
8248|77
8249|16
8250|0
8251|70
8252|109
8253|81
8254|134
8255|65
8256|63
8257|69
8258|118
8259|146
8260|114
8261|18
8262|59
8263|49
8264|23
8265|0
8266|53
8267|144
8268|142
8269|128
8270|80
8271|94
8272|74
8273|209
8274|88
8275|171
8276|25
8277|140
8278|168
8279|127
8280|134
8281|180
8282|71
8283|189
8284|95
8285|108
8286|17
8287|223
8288|77
8289|198
8290|51
8291|146
8292|128
8293|101
8294|145
8295|18
8296|79
8297|15
8298|147
8299|20
8300|150
8301|150
8302|136
8303|148
8304|204
8305|234
8306|214
8307|103
8308|125
8309|120
8310|124
8311|131
8312|136
8313|147
8314|179
8315|130
8316|206
8317|158
8318|124
8319|124
8320|0
8321|102
8322|53
8323|48
8324|112
8325|146
8326|38
8327|0
8328|0
8329|190
8330|166
8331|62
8332|82
8333|97
8334|20
8335|43
8336|52
8337|78
8338|107
8339|117
8340|194
8341|0
8342|0
8343|11
8344|8
8345|76
8346|27
8347|132
8348|105
8349|75
8350|73
8351|21
8352|95
8353|137
8354|196
8355|247
8356|86
8357|121
8358|66
8359|171
8360|0
8361|105
8362|81
8363|45
8364|54
8365|161
8366|84
8367|0
8368|140
8369|104
8370|75
8371|97
8372|137
8373|142
8374|93
8375|169
8376|247
8377|119
8378|124
8379|92
8380|26
8381|96
8382|3
8383|127
8384|103
8385|188
8386|130
8387|22
8388|30
8389|177
8390|250
8391|100
8392|61
8393|75
8394|131
8395|37
8396|228
8397|126
8398|31
8399|56
8400|55
8401|13
8402|46
8403|113
8404|6
8405|113
8406|167
8407|23
8408|1
8409|0
8410|0
8411|3
8412|0
8413|0
8414|95
8415|0
8416|64
8417|1
8418|119
8419|149
8420|0
8421|0
8422|0
8423|6
8424|41
8425|34
8426|0
8427|43
8428|12
8429|0
8430|53
8431|15
8432|31
8433|107
8434|0
8435|43
8436|71
8437|46
8438|64
8439|33
8440|0
8441|24
8442|21
8443|82
8444|0
8445|0
8446|24
8447|110
8448|101
8449|65
8450|163
8451|48
8452|97
8453|248
8454|182
8455|158
8456|82
8457|29
8458|0
8459|1
8460|31
8461|113
8462|169
8463|0
8464|39
8465|83
8466|2
8467|49
8468|0
8469|4
8470|20
8471|79
8472|53
8473|0
8474|0
8475|11
8476|30
8477|75
8478|110
8479|79
8480|159
8481|126
8482|187
8483|0
8484|21
8485|38
8486|77
8487|47
8488|3
8489|69
8490|80
8491|103
8492|74
8493|111
8494|45
8495|36
8496|12
8497|159
8498|200
8499|37
8500|20
8501|30
8502|0
8503|74
8504|67
8505|26
8506|15
8507|90
8508|104
8509|104
8510|90
8511|119
8512|99
8513|40
8514|98
8515|69
8516|46
8517|122
8518|52
8519|65
8520|76
8521|63
8522|94
8523|42
8524|51
8525|93
8526|65
8527|110
8528|67
8529|67
8530|107
8531|121
8532|0
8533|0
8534|0
8535|67
8536|53
8537|100
8538|119
8539|1
8540|69
8541|95
8542|142
8543|93
8544|83
8545|23
8546|58
8547|45
8548|116
8549|175
8550|89
8551|41
8552|33
8553|73
8554|14
8555|91
8556|0
8557|104
8558|42
8559|80
8560|30
8561|45
8562|98
8563|139
8564|77
8565|1
8566|79
8567|0
8568|95
8569|99
8570|82
8571|36
8572|128
8573|64
8574|0
8575|113
8576|166
8577|4
8578|0
8579|0
8580|37
8581|124
8582|0
8583|10
8584|0
8585|4
8586|30
8587|0
8588|0
8589|0
8590|25
8591|21
8592|31
8593|10
8594|11
8595|18
8596|95
8597|21
8598|0
8599|130
8600|90
8601|154
8602|0
8603|0
8604|246
8605|178
8606|162
8607|156
8608|235
8609|0
8610|3
8611|209
8612|95
8613|216
8614|238
8615|1
8616|134
8617|130
8618|135
8619|211
8620|156
8621|0
8622|124
8623|0
8624|15
8625|0
8626|53
8627|6
8628|0
8629|137
8630|0
8631|40
8632|182
8633|175
8634|144
8635|226
8636|193
8637|35
8638|0
8639|212
8640|146
8641|148
8642|0
8643|146
8644|150
8645|96
8646|133
8647|161
8648|66
8649|0
8650|162
8651|33
8652|211
8653|156
8654|0
8655|141
8656|131
8657|0
8658|0
8659|0
8660|225
8661|205
8662|61
8663|52
8664|243
8665|73
8666|124
8667|196
8668|43
8669|32
8670|225
8671|39
8672|24
8673|67
8674|161
8675|233
8676|199
8677|163
8678|0
8679|33
8680|158
8681|150
8682|160
8683|136
8684|0
8685|0
8686|0
8687|0
8688|0
8689|0
8690|0
8691|0
8692|0
8693|222
8694|0
8695|0
8696|112
8697|149
8698|95
8699|85
8700|109
8701|168
8702|157
8703|0
8704|0
8705|0
8706|0
8707|0
8708|0
8709|0
8710|0
8711|0
8712|0
8713|0
8714|0
8715|0
8716|7
8717|44
8718|0
8719|0
8720|0
8721|40
8722|8
8723|70
8724|63
8725|0
8726|0
8727|0
8728|38
8729|0
8730|7
8731|0
8732|31
8733|0
8734|0
8735|5
8736|0
8737|16
8738|12
8739|0
8740|0
8741|0
8742|0
8743|0
8744|0
8745|0
8746|0
8747|0
8748|0
8749|11
8750|11
8751|28
8752|48
8753|0
8754|0
8755|0
8756|0
8757|0
8758|0
8759|0
8760|0
8761|9
8762|0
8763|1
8764|0
8765|0
8766|0
8767|0
8768|0
8769|0
8770|29
8771|0
8772|0
8773|0
8774|0
8775|0
8776|0
8777|0
8778|0
8779|54
8780|0
8781|32
8782|3
8783|27
8784|0
8785|0
8786|0
8787|0
8788|0
8789|16
8790|22
8791|0
8792|0
8793|0
8794|0
8795|0
8796|0
8797|0
8798|6
8799|0
8800|0
8801|0
8802|0
8803|0
8804|2
8805|7
8806|0
8807|23
8808|0
8809|0
8810|4
8811|0
8812|14
8813|0
8814|0
8815|0
8816|0
8817|13
8818|23
8819|0
8820|80
8821|0
8822|17
8823|14
8824|0
8825|26
8826|0
8827|0
8828|0
8829|4
8830|3
8831|16
8832|0
8833|0
8834|0
8835|0
8836|0
8837|0
8838|0
8839|0
8840|0
8841|0
8842|0
8843|0
8844|0
8845|14
8846|7
8847|0
8848|0
8849|8
8850|25
8851|15
8852|16
8853|13
8854|26
8855|20
8856|0
8857|0
8858|0
8859|0
8860|0
8861|0
8862|0
8863|11
8864|0
8865|0
8866|2
8867|66
8868|6
8869|72
8870|0
8871|25
8872|22
8873|26
8874|4
8875|0
8876|0
8877|25
8878|0
8879|0
8880|0
8881|0
8882|0
8883|15
8884|60
8885|0
8886|0
8887|0
8888|0
8889|0
8890|46
8891|0
8892|0
8893|0
8894|25
8895|30
8896|0
8897|0
8898|0
8899|0
8900|7
8901|28
8902|8
8903|0
8904|0
8905|0
8906|0
8907|0
8908|6
8909|11
8910|9
8911|0
8912|0
8913|0
8914|0
8915|0
8916|0
8917|0
8918|0
8919|0
8920|0
8921|0
8922|2
8923|0
8924|0
8925|0
8926|0
8927|2
8928|0
8929|6
8930|81
8931|22
8932|0
8933|32
8934|1
8935|53
8936|7
8937|0
8938|0
8939|0
8940|0
8941|0
8942|0
8943|0
8944|0
8945|0
8946|0
8947|0
8948|0
8949|0
8950|0
8951|0
8952|0
8953|0
8954|0
8955|0
8956|17
8957|0
8958|0
8959|3
8960|9
8961|0
8962|0
8963|0
8964|0
8965|0
8966|0
8967|0
8968|0
8969|0
8970|0
8971|0
8972|0
8973|0
8974|12
8975|26
8976|23
8977|0
8978|11
8979|37
8980|12
8981|0
8982|9
8983|8
8984|0
8985|10
8986|0
8987|0
8988|26
8989|0
8990|7
8991|57
8992|2
8993|0
8994|0
8995|0
8996|20
8997|0
8998|0
8999|0
9000|0
9001|0
9002|0
9003|3
9004|0
9005|12
9006|0
9007|4
9008|0
9009|0
9010|22
9011|21
9012|6
9013|0
9014|29
9015|0
9016|7
9017|20
9018|0
9019|0
9020|9
9021|28
9022|0
9023|0
9024|0
9025|0
9026|0
9027|6
9028|58
9029|19
9030|18
9031|0
9032|0
9033|0
9034|0
9035|0
9036|0
9037|0
9038|0
9039|0
9040|11
9041|0
9042|0
9043|37
9044|0
9045|0
9046|0
9047|6
9048|0
9049|0
9050|0
9051|0
9052|0
9053|0
9054|0
9055|0
9056|0
9057|0
9058|9
9059|33
9060|0
9061|0
9062|7
9063|60
9064|8
9065|7
9066|0
9067|0
9068|0
9069|0
9070|30
9071|6
9072|0
9073|0
9074|43
9075|0
9076|14
9077|13
9078|0
9079|0
9080|3
9081|0
9082|0
9083|0
9084|53
9085|0
9086|0
9087|0
9088|42
9089|0
9090|60
9091|0
9092|30
9093|0
9094|0
9095|13
9096|0
9097|0
9098|0
9099|0
9100|0
9101|0
9102|0
9103|6
9104|0
9105|0
9106|0
9107|7
9108|38
9109|35
9110|39
9111|2
9112|0
9113|0
9114|0
9115|0
9116|0
9117|0
9118|0
9119|0
9120|0
9121|8
9122|0
9123|0
9124|4
9125|0
9126|0
9127|0
9128|0
9129|28
9130|0
9131|0
9132|15
9133|10
9134|8
9135|0
9136|0
9137|0
9138|19
9139|5
9140|6
9141|0
9142|0
9143|0
9144|0
9145|0
9146|0
9147|12
9148|0
9149|26
9150|0
9151|0
9152|0
9153|0
9154|0
9155|0
9156|0
9157|0
9158|2
9159|0
9160|4
9161|57
9162|24
9163|0
9164|0
9165|0
9166|8
9167|0
9168|0
9169|0
9170|0
9171|0
9172|0
9173|0
9174|0
9175|0
9176|0
9177|10
9178|0
9179|0
9180|0
9181|0
9182|0
9183|0
9184|0
9185|0
9186|0
9187|0
9188|0
9189|7
9190|0
9191|0
9192|6
9193|0
9194|0
9195|29
9196|30
9197|0
9198|4
9199|71
9200|0
9201|7
9202|12
9203|25
9204|97
9205|10
9206|0
9207|12
9208|0
9209|0
9210|0
9211|0
9212|0
9213|0
9214|3
9215|0
9216|6
9217|0
9218|0
9219|2
9220|0
9221|0
9222|6
9223|17
9224|13
9225|0
9226|4
9227|0
9228|0
9229|48
9230|47
9231|0
9232|24
9233|0
9234|0
9235|0
9236|9
9237|0
9238|9
9239|0
9240|0
9241|0
9242|3
9243|0
9244|19
9245|0
9246|2
9247|4
9248|11
9249|87
9250|19
9251|13
9252|1
9253|0
9254|51
9255|123
9256|0
9257|0
9258|0
9259|1
9260|0
9261|0
9262|79
9263|10
9264|10
9265|43
9266|8
9267|31
9268|0
9269|0
9270|7
9271|0
9272|20
9273|27
9274|28
9275|33
9276|23
9277|0
9278|0
9279|0
9280|0
9281|7
9282|7
9283|0
9284|30
9285|0
9286|0
9287|0
9288|0
9289|0
9290|0
9291|0
9292|0
9293|0
9294|0
9295|0
9296|0
9297|0
9298|1
9299|0
9300|0
9301|0
9302|0
9303|0
9304|0
9305|0
9306|0
9307|0
9308|0
9309|0
9310|0
9311|0
9312|0
9313|0
9314|0
9315|0
9316|0
9317|0
9318|0
9319|0
9320|0
9321|0
9322|0
9323|0
9324|0
9325|15
9326|0
9327|0
9328|0
9329|0
9330|0
9331|0
9332|13
9333|0
9334|16
9335|41
9336|1
9337|0
9338|0
9339|7
9340|0
9341|2
9342|58
9343|27
9344|32
9345|3
9346|0
9347|29
9348|0
9349|123
9350|0
9351|0
9352|9
9353|0
9354|8
9355|0
9356|56
9357|0
9358|0
9359|13
9360|0
9361|0
9362|25
9363|0
9364|0
9365|0
9366|0
9367|8
9368|4
9369|0
9370|15
9371|0
9372|0
9373|0
9374|11
9375|12
9376|0
9377|2
9378|0
9379|0
9380|0
9381|0
9382|0
9383|0
9384|0
9385|0
9386|11
9387|3
9388|0
9389|0
9390|0
9391|12
9392|0
9393|55
9394|27
9395|9
9396|0
9397|20
9398|3
9399|0
9400|2
9401|0
9402|6
9403|14
9404|5
9405|4
9406|8
9407|0
9408|0
9409|0
9410|0
9411|33
9412|0
9413|3
9414|37
9415|0
9416|0
9417|0
9418|15
9419|8
9420|0
9421|0
9422|0
9423|0
9424|0
9425|0
9426|0
9427|0
9428|0
9429|10
9430|0
9431|35
9432|0
9433|0
9434|0
9435|0
9436|0
9437|0
9438|0
9439|0
9440|0
9441|0
9442|10
9443|0
9444|0
9445|0
9446|0
9447|0
9448|0
9449|0
9450|18
9451|0
9452|11
9453|0
9454|0
9455|31
9456|0
9457|0
9458|0
9459|11
9460|0
9461|5
9462|0
9463|11
9464|0
9465|0
9466|7
9467|0
9468|1
9469|16
9470|0
9471|0
9472|0
9473|0
9474|8
9475|26
9476|0
9477|32
9478|0
9479|0
9480|0
9481|0
9482|25
9483|15
9484|0
9485|0
9486|0
9487|9
9488|0
9489|34
9490|0
9491|34
9492|19
9493|0
9494|0
9495|23
9496|0
9497|0
9498|15
9499|7
9500|8
9501|66
9502|12
9503|0
9504|0
9505|12
9506|0
9507|0
9508|0
9509|9
9510|0
9511|0
9512|0
9513|0
9514|4
9515|2
9516|2
9517|0
9518|0
9519|0
9520|5
9521|0
9522|0
9523|2
9524|1
9525|0
9526|18
9527|10
9528|0
9529|0
9530|0
9531|0
9532|0
9533|0
9534|0
9535|3
9536|0
9537|0
9538|0
9539|5
9540|0
9541|9
9542|0
9543|0
9544|0
9545|16
9546|0
9547|0
9548|0
9549|0
9550|0
9551|8
9552|2
9553|0
9554|0
9555|0
9556|0
9557|0
9558|0
9559|0
9560|0
9561|3
9562|0
9563|0
9564|0
9565|0
9566|0
9567|0
9568|0
9569|0
9570|0
9571|0
9572|0
9573|0
9574|0
9575|0
9576|0
9577|0
9578|0
9579|0
9580|0
9581|7
9582|11
9583|6
9584|0
9585|10
9586|0
9587|0
9588|0
9589|0
9590|0
9591|0
9592|0
9593|0
9594|0
9595|0
9596|0
9597|0
9598|0
9599|42
9600|47
9601|0
9602|0
9603|0
9604|0
9605|0
9606|0
9607|0
9608|4
9609|13
9610|0
9611|3
9612|5
9613|0
9614|0
9615|0
9616|2
9617|0
9618|13
9619|0
9620|0
9621|0
9622|22
9623|0
9624|0
9625|0
9626|0
9627|6
9628|9
9629|0
9630|0
9631|8
9632|39
9633|5
9634|178
9635|0
9636|8
9637|7
9638|0
9639|0
9640|0
9641|2
9642|0
9643|0
9644|0
9645|18
9646|0
9647|0
9648|4
9649|0
9650|0
9651|0
9652|0
9653|0
9654|7
9655|0
9656|19
9657|0
9658|0
9659|0
9660|0
9661|0
9662|6
9663|13
9664|7
9665|0
9666|0
9667|0
9668|1
9669|2
9670|7
9671|7
9672|0
9673|0
9674|15
9675|0
9676|0
9677|7
9678|6
9679|4
9680|0
9681|0
9682|0
9683|5
9684|0
9685|24
9686|0
9687|0
9688|0
9689|0
9690|0
9691|0
9692|77
9693|0
9694|0
9695|0
9696|0
9697|0
9698|0
9699|0
9700|0
9701|0
9702|0
9703|0
9704|0
9705|0
9706|0
9707|0
9708|0
9709|18
9710|26
9711|4
9712|14
9713|0
9714|6
9715|0
9716|26
9717|0
9718|34
9719|0
9720|0
9721|0
9722|0
9723|13
9724|0
9725|0
9726|0
9727|0
9728|0
9729|0
9730|4
9731|11
9732|14
9733|0
9734|6
9735|0
9736|5
9737|0
9738|0
9739|0
9740|0
9741|22
9742|62
9743|22
9744|0
9745|16
9746|0
9747|0
9748|16
9749|6
9750|6
9751|5
9752|0
9753|0
9754|0
9755|0
9756|0
9757|0
9758|9
9759|0
9760|0
9761|0
9762|9
9763|0
9764|7
9765|8
9766|0
9767|0
9768|0
9769|0
9770|0
9771|0
9772|0
9773|0
9774|0
9775|0
9776|0
9777|0
9778|0
9779|12
9780|0
9781|6
9782|0
9783|23
9784|0
9785|0
9786|31
9787|10
9788|0
9789|0
9790|0
9791|0
9792|0
9793|0
9794|0
9795|0
9796|20
9797|0
9798|0
9799|0
9800|0
9801|0
9802|0
9803|0
9804|0
9805|0
9806|0
9807|0
9808|0
9809|0
9810|0
9811|0
9812|0
9813|0
9814|0
9815|0
9816|0
9817|0
9818|0
9819|4
9820|0
9821|0
9822|0
9823|0
9824|0
9825|0
9826|0
9827|0
9828|0
9829|25
9830|7
9831|20
9832|15
9833|0
9834|0
9835|0
9836|9
9837|5
9838|23
9839|23
9840|3
9841|0
9842|14
9843|0
9844|10
9845|0
9846|0
9847|4
9848|0
9849|0
9850|0
9851|44
9852|7
9853|0
9854|0
9855|0
9856|0
9857|0
9858|0
9859|0
9860|0
9861|8
9862|0
9863|4
9864|0
9865|0
9866|0
9867|0
9868|0
9869|0
9870|12
9871|0
9872|0
9873|0
9874|0
9875|19
9876|4
9877|0
9878|0
9879|0
9880|9
9881|19
9882|12
9883|5
9884|0
9885|0
9886|0
9887|0
9888|0
9889|8
9890|3
9891|0
9892|0
9893|0
9894|0
9895|0
9896|0
9897|0
9898|0
9899|0
9900|0
9901|0
9902|5
9903|0
9904|4
9905|0
9906|2
9907|6
9908|0
9909|2
9910|4
9911|0
9912|0
9913|0
9914|0
9915|0
9916|0
9917|0
9918|0
9919|0
9920|0
9921|0
9922|0
9923|5
9924|9
9925|8
9926|0
9927|13
9928|6
9929|0
9930|3
9931|7
9932|1
9933|1
9934|16
9935|0
9936|0
9937|0
9938|0
9939|8
9940|0
9941|21
9942|0
9943|0
9944|12
9945|12
9946|7
9947|0
9948|14
9949|3
9950|0
9951|0
9952|10
9953|0
9954|0
9955|0
9956|0
9957|4
9958|46
9959|3
9960|12
9961|1
9962|8
9963|18
9964|0
9965|16
9966|8
9967|11
9968|10
9969|0
9970|10
9971|4
9972|30
9973|8
9974|2
9975|3
9976|9
9977|10
9978|12
9979|17
9980|11
9981|0
9982|0
9983|0
9984|4
9985|0
9986|2
9987|0
9988|0
9989|0
9990|2
9991|0
9992|0
9993|0
9994|6
9995|0
9996|0
9997|0
9998|3
9999|0
10000|16
10001|0
10002|0
10003|0
10004|0
10005|0
10006|0
10007|0
10008|0
10009|0
10010|15
10011|0
10012|0
10013|0
10014|13
10015|0
10016|0
10017|0
10018|0
10019|0
10020|0
10021|0
10022|10
10023|0
10024|0
10025|19
10026|6
10027|15
10028|0
10029|6
10030|0
10031|0
10032|0
10033|0
10034|0
10035|15
10036|0
10037|0
10038|0
10039|7
10040|15
10041|5
10042|0
10043|32
10044|61
10045|0
10046|0
10047|0
10048|0
10049|0
10050|0
10051|0
10052|0
10053|0
10054|8
10055|0
10056|0
10057|0
10058|0
10059|0
10060|0
10061|0
10062|0
10063|0
10064|0
10065|8
10066|0
10067|0
10068|18
10069|10
10070|0
10071|0
10072|4
10073|0
10074|3
10075|0
10076|0
10077|0
10078|0
10079|0
10080|0
10081|0
10082|0
10083|1
10084|40
10085|70
10086|0
10087|0
10088|1
10089|0
10090|44
10091|56
10092|4
10093|0
10094|0
10095|0
10096|0
10097|0
10098|0
10099|0
10100|0
10101|0
10102|0
10103|0
10104|0
10105|0
10106|6
10107|0
10108|0
10109|0
10110|9
10111|0
10112|0
10113|9
10114|0
10115|16
10116|0
10117|0
10118|0
10119|0
10120|8
10121|0
10122|0
10123|0
10124|8
10125|0
10126|5
10127|5
10128|5
10129|3
10130|0
10131|7
10132|5
10133|1
10134|5
10135|7
10136|5
10137|7
10138|5
10139|7
10140|5
10141|1
10142|0
10143|0
10144|0
10145|0
10146|0
10147|0
10148|12
10149|0
10150|0
10151|8
10152|14
10153|0
10154|6
10155|9
10156|10
10157|13
10158|0
10159|0
10160|0
10161|5
10162|5
10163|6
10164|3
10165|0
10166|0
10167|0
10168|0
10169|0
10170|0
10171|6
10172|0
10173|0
10174|0
10175|0
10176|0
10177|0
10178|0
10179|0
10180|0
10181|0
10182|0
10183|0
10184|0
10185|0
10186|0
10187|0
10188|0
10189|0
10190|0
10191|0
10192|0
10193|0
10194|0
10195|0
10196|8
10197|0
10198|8
10199|8
10200|7
10201|0
10202|0
10203|3
10204|0
10205|0
10206|0
10207|0
10208|32
10209|2
10210|0
10211|0
10212|0
10213|0
10214|0
10215|0
10216|0
10217|0
10218|0
10219|0
10220|0
10221|0
10222|0
10223|0
10224|0
10225|0
10226|6
10227|6
10228|0
10229|0
10230|0
10231|0
10232|0
10233|6
10234|6
10235|0
10236|7
10237|42
10238|0
10239|1
10240|4
10241|6
10242|0
10243|8
10244|0
10245|0
10246|0
10247|0
10248|0
10249|10
10250|0
10251|4
10252|0
10253|0
10254|0
10255|0
10256|0
10257|0
10258|0
10259|0
10260|0
10261|0
10262|0
10263|0
10264|7
10265|12
10266|6
10267|12
10268|0
10269|12
10270|0
10271|0
10272|0
10273|0
10274|0
10275|0
10276|0
10277|0
10278|0
10279|0
10280|0
10281|0
10282|0
10283|0
10284|0
10285|0
10286|3
10287|0
10288|6
10289|0
10290|0
10291|0
10292|0
10293|20
10294|0
10295|0
10296|0
10297|0
10298|0
10299|19
10300|0
10301|0
10302|58
10303|0
10304|0
10305|0
10306|0
10307|0
10308|0
10309|0
10310|4
10311|24
10312|0
10313|0
10314|0
10315|0
10316|0
10317|0
10318|0
10319|0
10320|26
10321|12
10322|12
10323|15
10324|10
10325|0
10326|11
10327|11
10328|11
10329|11
10330|39
10331|48
10332|22
10333|54
10334|66
10335|10
10336|11
10337|15
10338|8
10339|12
10340|10
10341|13
10342|83
10343|13
10344|14
10345|11
10346|5
10347|16
10348|11
10349|10
10350|0
10351|0
10352|0
10353|0
10354|2
10355|7
10356|0
10357|0
10358|0
10359|0
10360|0
10361|0
10362|0
10363|0
10364|0
10365|0
10366|0
10367|0
10368|0
10369|0
10370|4
10371|0
10372|11
10373|100
10374|39
10375|19
10376|19
10377|19
10378|76
10379|43
10380|15
10381|21
10382|21
10383|4
10384|4
10385|26
10386|71
10387|18
10388|61
10389|0
10390|16
10391|15
10392|70
10393|0
10394|0
10395|0
10396|0
10397|0
10398|0
10399|0
10400|0
10401|0
10402|0
10403|0
10404|0
10405|0
10406|0
10407|0
10408|0
10409|7
10410|0
10411|0
10412|12
10413|0
10414|0
10415|0
10416|0
10417|0
10418|0
10419|0
10420|0
10421|0
10422|0
10423|11
10424|9
10425|54
10426|12
10427|28
10428|15
10429|8
10430|14
10431|3
10432|12
10433|48
10434|7
10435|24
10436|11
10437|10
10438|44
10439|9
10440|48
10441|0
10442|0
10443|0
10444|0
10445|0
10446|0
10447|0
10448|0
10449|13
10450|46
10451|0
10452|0
10453|0
10454|0
10455|0
10456|0
10457|0
10458|0
10459|0
10460|0
10461|0
10462|0
10463|0
